[{"model": "admin.logentry", "pk": 1, "fields": {"action_time": "2025-10-13T05:09:31.967Z", "user": 1, "content_type": 11, "object_id": "1", "object_repr": "501", "action_flag": 1, "change_message": "[{\"added\": {}}]"}}, {"model": "admin.logentry", "pk": 2, "fields": {"action_time": "2025-10-13T05:09:35.325Z", "user": 1, "content_type": 11, "object_id": "2", "object_repr": "502", "action_flag": 1, "change_message": "[{\"added\": {}}]"}}, {"model": "admin.logentry", "pk": 3, "fields": {"action_time": "2025-10-13T05:09:38.583Z", "user": 1, "content_type": 11, "object_id": "3", "object_repr": "503", "action_flag": 1, "change_message": "[{\"added\": {}}]"}}, {"model": "admin.logentry", "pk": 4, "fields": {"action_time": "2025-10-13T05:09:40.652Z", "user": 1, "content_type": 11, "object_id": "4", "object_repr": "504", "action_flag": 1, "change_message": "[{\"added\": {}}]"}}, {"model": "admin.logentry", "pk": 5, "fields": {"action_time": "2025-10-13T05:09:44.612Z", "user": 1, "content_type": 11, "object_id": "5", "object_repr": "505", "action_flag": 1, "change_message": "[{\"added\": {}}]"}}, {"model": "admin.logentry", "pk": 6, "fields": {"action_time": "2025-10-13T05:09:48.778Z", "user": 1, "content_type": 11, "object_id": "6", "object_repr": "506", "action_flag": 1, "change_message": "[{\"added\": {}}]"}}, {"model": "admin.logentry", "pk": 7, "fields": {"action_time": "2025-10-13T05:09:51.317Z", "user": 1, "content_type": 11, "object_id": "7", "object_repr": "507", "action_flag": 1, "change_message": "[{\"added\": {}}]"}}, {"model": "admin.logentry", "pk": 8, "fields": {"action_time": "2025-10-13T05:09:53.977Z", "user": 1, "content_type": 11, "object_id": "8", "object_repr": "508", "action_flag": 1, "change_message": "[{\"added\": {}}]"}}, {"model": "admin.logentry", "pk": 9, "fields": {"action_time": "2025-10-13T05:09:56.536Z", "user": 1, "content_type": 11, "object_id": "9", "object_repr": "509", "action_flag": 1, "change_message": "[{\"added\": {}}]"}}, {"model": "admin.logentry", "pk": 10, "fields": {"action_time": "2025-10-13T05:10:05.058Z", "user": 1, "content_type": 8, "object_id": "1", "object_repr": "IEP", "action_flag": 1, "change_message": "[{\"added\": {}}]"}}, {"model": "admin.logentry", "pk": 11, "fields": {"action_time": "2025-10-13T05:10:09.326Z", "user": 1, "content_type": 8, "object_id": "2", "object_repr": "ASH", "action_flag": 1, "change_message": "[{\"added\": {}}]"}}, {"model": "admin.logentry", "pk": 12, "fields": {"action_time": "2025-10-13T05:10:14.063Z", "user": 1, "content_type": 8, "object_id": "3", "object_repr": "ByteXL", "action_flag": 1, "change_message": "[{\"added\": {}}]"}}, {"model": "admin.logentry", "pk": 13, "fields": {"action_time": "2025-10-13T05:10:23.061Z", "user": 1, "content_type": 8, "object_id": "4", "object_repr": "CDC", "action_flag": 1, "change_message": "[{\"added\": {}}]"}}, {"model": "admin.logentry", "pk": 14, "fields": {"action_time": "2025-10-13T05:12:10.680Z", "user": 1, "content_type": 9, "object_id": "1", "object_repr": "High Performance Computing", "action_flag": 1, "change_message": "[{\"added\": {}}]"}}, {"model": "admin.logentry", "pk": 15, "fields": {"action_time": "2025-10-13T05:28:51.483Z", "user": 1, "content_type": 10, "object_id": "1", "object_repr": "Vikash", "action_flag": 1, "change_message": "[{\"added\": {}}]"}}, {"model": "admin.logentry", "pk": 16, "fields": {"action_time": "2025-10-13T05:32:42.713Z", "user": 1, "content_type": 13, "object_id": "1", "object_repr": "Design and Analysis of Algorithms Trainer 1 10", "action_flag": 1, "change_message": "[{\"added\": {}}]"}}, {"model": "admin.logentry", "pk": 17, "fields": {"action_time": "2025-10-13T05:36:25.088Z", "user": 1, "content_type": 13, "object_id": "1", "object_repr": "Design and Analysis of Algorithms Trainer 1 10", "action_flag": 3, "change_message": ""}}, {"model": "admin.logentry", "pk": 18, "fields": {"action_time": "2025-10-13T05:38:53.160Z", "user": 1, "content_type": 12, "object_id": "1", "object_repr": "7IEP1", "action_flag": 1, "change_message": "[{\"added\": {}}]"}}, {"model": "admin.logentry", "pk": 19, "fields": {"action_time": "2025-10-13T05:40:19.764Z", "user": 1, "content_type": 12, "object_id": "2", "object_repr": "7IEP2", "action_flag": 1, "change_message": "[{\"added\": {}}]"}}, {"model": "admin.logentry", "pk": 20, "fields": {"action_time": "2025-10-13T05:40:30.239Z", "user": 1, "content_type": 12, "object_id": "3", "object_repr": "5MICRO1", "action_flag": 1, "change_message": "[{\"added\": {}}]"}}, {"model": "admin.logentry", "pk": 21, "fields": {"action_time": "2025-10-13T05:40:37.725Z", "user": 1, "content_type": 12, "object_id": "4", "object_repr": "5MICRO2", "action_flag": 1, "change_message": "[{\"added\": {}}]"}}, {"model": "admin.logentry", "pk": 22, "fields": {"action_time": "2025-10-13T05:40:45.879Z", "user": 1, "content_type": 12, "object_id": "5", "object_repr": "5ORACLE1", "action_flag": 1, "change_message": "[{\"added\": {}}]"}}, {"model": "admin.logentry", "pk": 23, "fields": {"action_time": "2025-10-13T05:41:01.061Z", "user": 1, "content_type": 12, "object_id": "6", "object_repr": "5QUICKHEAL1", "action_flag": 1, "change_message": "[{\"added\": {}}]"}}, {"model": "admin.logentry", "pk": 24, "fields": {"action_time": "2025-10-13T05:41:14.249Z", "user": 1, "content_type": 12, "object_id": "7", "object_repr": "5SAP1", "action_flag": 1, "change_message": "[{\"added\": {}}]"}}, {"model": "admin.logentry", "pk": 25, "fields": {"action_time": "2025-10-15T06:07:28.456Z", "user": 1, "content_type": 12, "object_id": "1", "object_repr": "7IEP1", "action_flag": 2, "change_message": "[{\"changed\": {\"fields\": [\"Availability\"]}}]"}}, {"model": "admin.logentry", "pk": 26, "fields": {"action_time": "2025-10-15T06:07:53.906Z", "user": 1, "content_type": 12, "object_id": "2", "object_repr": "7IEP2", "action_flag": 2, "change_message": "[{\"changed\": {\"fields\": [\"Availability\"]}}]"}}, {"model": "admin.logentry", "pk": 27, "fields": {"action_time": "2025-10-15T06:08:17.178Z", "user": 1, "content_type": 12, "object_id": "3", "object_repr": "5MICRO1", "action_flag": 2, "change_message": "[{\"changed\": {\"fields\": [\"Availability\"]}}]"}}, {"model": "admin.logentry", "pk": 28, "fields": {"action_time": "2025-10-15T06:08:56.491Z", "user": 1, "content_type": 12, "object_id": "4", "object_repr": "5MICRO2", "action_flag": 2, "change_message": "[{\"changed\": {\"fields\": [\"Availability\"]}}]"}}, {"model": "admin.logentry", "pk": 29, "fields": {"action_time": "2025-10-15T06:09:11.302Z", "user": 1, "content_type": 12, "object_id": "5", "object_repr": "5ORACLE1", "action_flag": 2, "change_message": "[{\"changed\": {\"fields\": [\"Availability\"]}}]"}}, {"model": "admin.logentry", "pk": 30, "fields": {"action_time": "2025-10-15T06:09:15.659Z", "user": 1, "content_type": 12, "object_id": "6", "object_repr": "5QUICKHEAL1", "action_flag": 2, "change_message": "[{\"changed\": {\"fields\": [\"Availability\"]}}]"}}, {"model": "admin.logentry", "pk": 31, "fields": {"action_time": "2025-10-15T06:09:21.876Z", "user": 1, "content_type": 12, "object_id": "7", "object_repr": "5SAP1", "action_flag": 2, "change_message": "[{\"changed\": {\"fields\": [\"Availability\"]}}]"}}, {"model": "admin.logentry", "pk": 32, "fields": {"action_time": "2025-10-15T16:14:57.239Z", "user": 1, "content_type": 11, "object_id": "13", "object_repr": "513", "action_flag": 1, "change_message": "[{\"added\": {}}]"}}, {"model": "admin.logentry", "pk": 33, "fields": {"action_time": "2025-10-15T16:29:56.738Z", "user": 1, "content_type": 11, "object_id": "14", "object_repr": "514", "action_flag": 1, "change_message": "[{\"added\": {}}]"}}, {"model": "admin.logentry", "pk": 34, "fields": {"action_time": "2025-10-15T16:30:01.359Z", "user": 1, "content_type": 11, "object_id": "15", "object_repr": "515", "action_flag": 1, "change_message": "[{\"added\": {}}]"}}, {"model": "admin.logentry", "pk": 35, "fields": {"action_time": "2025-10-15T16:30:31.995Z", "user": 1, "content_type": 11, "object_id": "16", "object_repr": "516", "action_flag": 1, "change_message": "[{\"added\": {}}]"}}, {"model": "admin.logentry", "pk": 36, "fields": {"action_time": "2025-10-15T16:31:42.982Z", "user": 1, "content_type": 12, "object_id": "9", "object_repr": "3IEP2", "action_flag": 3, "change_message": ""}}, {"model": "admin.logentry", "pk": 37, "fields": {"action_time": "2025-10-15T16:31:42.983Z", "user": 1, "content_type": 12, "object_id": "8", "object_repr": "3IEP1", "action_flag": 3, "change_message": ""}}, {"model": "admin.logentry", "pk": 38, "fields": {"action_time": "2025-10-15T16:33:06.767Z", "user": 1, "content_type": 12, "object_id": "11", "object_repr": "3ORACLE1", "action_flag": 2, "change_message": "[{\"changed\": {\"fields\": [\"Availability\"]}}]"}}, {"model": "admin.logentry", "pk": 39, "fields": {"action_time": "2025-10-15T16:33:12.631Z", "user": 1, "content_type": 12, "object_id": "10", "object_repr": "3MICRO1", "action_flag": 2, "change_message": "[{\"changed\": {\"fields\": [\"Availability\"]}}]"}}, {"model": "admin.logentry", "pk": 40, "fields": {"action_time": "2025-10-15T16:33:42.703Z", "user": 1, "content_type": 12, "object_id": "14", "object_repr": "3QUICKHEAL1", "action_flag": 1, "change_message": "[{\"added\": {}}]"}}, {"model": "admin.logentry", "pk": 41, "fields": {"action_time": "2025-10-15T16:33:57.220Z", "user": 1, "content_type": 12, "object_id": "15", "object_repr": "3SAP1", "action_flag": 1, "change_message": "[{\"added\": {}}]"}}, {"model": "admin.logentry", "pk": 42, "fields": {"action_time": "2025-10-15T16:34:42.869Z", "user": 1, "content_type": 12, "object_id": "12", "object_repr": "5IEP1", "action_flag": 2, "change_message": "[{\"changed\": {\"fields\": [\"Availability\"]}}]"}}, {"model": "admin.logentry", "pk": 43, "fields": {"action_time": "2025-10-15T16:34:46.718Z", "user": 1, "content_type": 12, "object_id": "13", "object_repr": "5IEP2", "action_flag": 2, "change_message": "[{\"changed\": {\"fields\": [\"Availability\"]}}]"}}, {"model": "admin.logentry", "pk": 44, "fields": {"action_time": "2025-10-15T16:34:50.985Z", "user": 1, "content_type": 12, "object_id": "7", "object_repr": "5SAP1", "action_flag": 2, "change_message": "[{\"changed\": {\"fields\": [\"Availability\"]}}]"}}, {"model": "admin.logentry", "pk": 45, "fields": {"action_time": "2025-10-15T16:34:54.461Z", "user": 1, "content_type": 12, "object_id": "6", "object_repr": "5QUICKHEAL1", "action_flag": 2, "change_message": "[{\"changed\": {\"fields\": [\"Availability\"]}}]"}}, {"model": "admin.logentry", "pk": 46, "fields": {"action_time": "2025-10-15T16:34:57.780Z", "user": 1, "content_type": 12, "object_id": "5", "object_repr": "5ORACLE1", "action_flag": 2, "change_message": "[{\"changed\": {\"fields\": [\"Availability\"]}}]"}}, {"model": "admin.logentry", "pk": 47, "fields": {"action_time": "2025-10-15T16:35:00.896Z", "user": 1, "content_type": 12, "object_id": "4", "object_repr": "5MICRO2", "action_flag": 2, "change_message": "[{\"changed\": {\"fields\": [\"Availability\"]}}]"}}, {"model": "admin.logentry", "pk": 48, "fields": {"action_time": "2025-10-15T16:35:05.530Z", "user": 1, "content_type": 12, "object_id": "3", "object_repr": "5MICRO1", "action_flag": 2, "change_message": "[{\"changed\": {\"fields\": [\"Availability\"]}}]"}}, {"model": "admin.logentry", "pk": 49, "fields": {"action_time": "2025-10-15T16:35:59.958Z", "user": 1, "content_type": 12, "object_id": "15", "object_repr": "3SAP1", "action_flag": 2, "change_message": "[{\"changed\": {\"fields\": [\"Subjects\"]}}]"}}, {"model": "admin.logentry", "pk": 50, "fields": {"action_time": "2025-10-15T16:37:01.121Z", "user": 1, "content_type": 12, "object_id": "15", "object_repr": "3SAP1", "action_flag": 3, "change_message": ""}}, {"model": "admin.logentry", "pk": 51, "fields": {"action_time": "2025-10-15T16:38:00.854Z", "user": 1, "content_type": 12, "object_id": "16", "object_repr": "3SAP1", "action_flag": 1, "change_message": "[{\"added\": {}}]"}}, {"model": "admin.logentry", "pk": 52, "fields": {"action_time": "2025-10-15T16:40:23.530Z", "user": 1, "content_type": 11, "object_id": "16", "object_repr": "516", "action_flag": 3, "change_message": ""}}, {"model": "admin.logentry", "pk": 53, "fields": {"action_time": "2025-10-15T16:40:23.530Z", "user": 1, "content_type": 11, "object_id": "15", "object_repr": "515", "action_flag": 3, "change_message": ""}}, {"model": "admin.logentry", "pk": 54, "fields": {"action_time": "2025-10-15T16:40:23.530Z", "user": 1, "content_type": 11, "object_id": "14", "object_repr": "514", "action_flag": 3, "change_message": ""}}, {"model": "admin.logentry", "pk": 55, "fields": {"action_time": "2025-10-15T16:40:44.872Z", "user": 1, "content_type": 12, "object_id": "16", "object_repr": "3SAP1", "action_flag": 3, "change_message": ""}}, {"model": "admin.logentry", "pk": 56, "fields": {"action_time": "2025-10-15T16:43:30.521Z", "user": 1, "content_type": 16, "object_id": "20", "object_repr": "20 - Trainer 4", "action_flag": 1, "change_message": "[{\"added\": {}}]"}}, {"model": "admin.logentry", "pk": 57, "fields": {"action_time": "2025-10-15T16:43:56.810Z", "user": 1, "content_type": 10, "object_id": "19", "object_repr": "Trainer 4", "action_flag": 1, "change_message": "[{\"added\": {}}]"}}, {"model": "admin.logentry", "pk": 58, "fields": {"action_time": "2025-10-15T16:44:26.315Z", "user": 1, "content_type": 13, "object_id": "71", "object_repr": "14 Data Structures in Python Trainer 4 10", "action_flag": 1, "change_message": "[{\"added\": {}}]"}}, {"model": "admin.logentry", "pk": 59, "fields": {"action_time": "2025-10-15T16:45:59.592Z", "user": 1, "content_type": 12, "object_id": "17", "object_repr": "3SAP1", "action_flag": 1, "change_message": "[{\"added\": {}}]"}}, {"model": "admin.logentry", "pk": 60, "fields": {"action_time": "2025-10-15T16:47:00.368Z", "user": 1, "content_type": 11, "object_id": "13", "object_repr": "513", "action_flag": 3, "change_message": ""}}, {"model": "admin.logentry", "pk": 61, "fields": {"action_time": "2025-10-15T16:48:45.688Z", "user": 1, "content_type": 12, "object_id": "17", "object_repr": "3SAP1", "action_flag": 3, "change_message": ""}}, {"model": "admin.logentry", "pk": 62, "fields": {"action_time": "2025-10-15T16:49:54.228Z", "user": 1, "content_type": 11, "object_id": "12", "object_repr": "512", "action_flag": 3, "change_message": ""}}, {"model": "admin.logentry", "pk": 63, "fields": {"action_time": "2025-10-15T16:50:15.484Z", "user": 1, "content_type": 11, "object_id": "11", "object_repr": "511", "action_flag": 3, "change_message": ""}}, {"model": "admin.logentry", "pk": 64, "fields": {"action_time": "2025-10-15T16:50:49.654Z", "user": 1, "content_type": 11, "object_id": "10", "object_repr": "510", "action_flag": 3, "change_message": ""}}, {"model": "admin.logentry", "pk": 65, "fields": {"action_time": "2025-10-15T16:51:08.519Z", "user": 1, "content_type": 11, "object_id": "9", "object_repr": "509", "action_flag": 3, "change_message": ""}}, {"model": "admin.logentry", "pk": 66, "fields": {"action_time": "2025-10-15T16:51:53.644Z", "user": 1, "content_type": 11, "object_id": "17", "object_repr": "509", "action_flag": 1, "change_message": "[{\"added\": {}}]"}}, {"model": "admin.logentry", "pk": 67, "fields": {"action_time": "2025-10-15T16:52:09.126Z", "user": 1, "content_type": 11, "object_id": "17", "object_repr": "509", "action_flag": 3, "change_message": ""}}, {"model": "admin.logentry", "pk": 68, "fields": {"action_time": "2025-10-15T17:09:06.236Z", "user": 1, "content_type": 11, "object_id": "8", "object_repr": "508", "action_flag": 3, "change_message": ""}}, {"model": "admin.logentry", "pk": 69, "fields": {"action_time": "2025-10-15T17:09:44.720Z", "user": 1, "content_type": 11, "object_id": "18", "object_repr": "508", "action_flag": 1, "change_message": "[{\"added\": {}}]"}}, {"model": "admin.logentry", "pk": 70, "fields": {"action_time": "2025-10-15T17:10:21.208Z", "user": 1, "content_type": 12, "object_id": "18", "object_repr": "3SAP1", "action_flag": 1, "change_message": "[{\"added\": {}}]"}}, {"model": "admin.logentry", "pk": 71, "fields": {"action_time": "2025-10-15T17:10:41.651Z", "user": 1, "content_type": 11, "object_id": "19", "object_repr": "509", "action_flag": 1, "change_message": "[{\"added\": {}}]"}}, {"model": "admin.logentry", "pk": 72, "fields": {"action_time": "2025-10-15T17:10:51.455Z", "user": 1, "content_type": 11, "object_id": "20", "object_repr": "510", "action_flag": 1, "change_message": "[{\"added\": {}}]"}}, {"model": "admin.logentry", "pk": 73, "fields": {"action_time": "2025-10-15T17:11:49.196Z", "user": 1, "content_type": 11, "object_id": "20", "object_repr": "510", "action_flag": 3, "change_message": ""}}, {"model": "admin.logentry", "pk": 74, "fields": {"action_time": "2025-10-15T17:13:49.669Z", "user": 1, "content_type": 12, "object_id": "18", "object_repr": "3SAP1", "action_flag": 2, "change_message": "[]"}}, {"model": "admin.logentry", "pk": 75, "fields": {"action_time": "2025-11-16T07:38:56.153Z", "user": 1, "content_type": 8, "object_id": "6", "object_repr": "6 TEST", "action_flag": 3, "change_message": ""}}, {"model": "admin.logentry", "pk": 76, "fields": {"action_time": "2025-11-16T07:38:56.153Z", "user": 1, "content_type": 8, "object_id": "5", "object_repr": "5 XYZ", "action_flag": 3, "change_message": ""}}, {"model": "admin.logentry", "pk": 77, "fields": {"action_time": "2025-11-16T11:59:59.067Z", "user": 1, "content_type": 13, "object_id": "5", "object_repr": "9 Software Testing and Quality Assurance 1 Vikash 9", "action_flag": 2, "change_message": "[{\"changed\": {\"fields\": [\"Score\"]}}]"}}, {"model": "admin.logentry", "pk": 78, "fields": {"action_time": "2025-11-16T14:06:23.899Z", "user": 1, "content_type": 14, "object_id": "64", "object_repr": "Timetable object (64)", "action_flag": 3, "change_message": ""}}, {"model": "auth.permission", "pk": 1, "fields": {"name": "Can add log entry", "content_type": 1, "codename": "add_logentry"}}, {"model": "auth.permission", "pk": 2, "fields": {"name": "Can change log entry", "content_type": 1, "codename": "change_logentry"}}, {"model": "auth.permission", "pk": 3, "fields": {"name": "Can delete log entry", "content_type": 1, "codename": "delete_logentry"}}, {"model": "auth.permission", "pk": 4, "fields": {"name": "Can view log entry", "content_type": 1, "codename": "view_logentry"}}, {"model": "auth.permission", "pk": 5, "fields": {"name": "Can add permission", "content_type": 2, "codename": "add_permission"}}, {"model": "auth.permission", "pk": 6, "fields": {"name": "Can change permission", "content_type": 2, "codename": "change_permission"}}, {"model": "auth.permission", "pk": 7, "fields": {"name": "Can delete permission", "content_type": 2, "codename": "delete_permission"}}, {"model": "auth.permission", "pk": 8, "fields": {"name": "Can view permission", "content_type": 2, "codename": "view_permission"}}, {"model": "auth.permission", "pk": 9, "fields": {"name": "Can add group", "content_type": 3, "codename": "add_group"}}, {"model": "auth.permission", "pk": 10, "fields": {"name": "Can change group", "content_type": 3, "codename": "change_group"}}, {"model": "auth.permission", "pk": 11, "fields": {"name": "Can delete group", "content_type": 3, "codename": "delete_group"}}, {"model": "auth.permission", "pk": 12, "fields": {"name": "Can view group", "content_type": 3, "codename": "view_group"}}, {"model": "auth.permission", "pk": 13, "fields": {"name": "Can add content type", "content_type": 4, "codename": "add_contenttype"}}, {"model": "auth.permission", "pk": 14, "fields": {"name": "Can change content type", "content_type": 4, "codename": "change_contenttype"}}, {"model": "auth.permission", "pk": 15, "fields": {"name": "Can delete content type", "content_type": 4, "codename": "delete_contenttype"}}, {"model": "auth.permission", "pk": 16, "fields": {"name": "Can view content type", "content_type": 4, "codename": "view_contenttype"}}, {"model": "auth.permission", "pk": 17, "fields": {"name": "Can add session", "content_type": 5, "codename": "add_session"}}, {"model": "auth.permission", "pk": 18, "fields": {"name": "Can change session", "content_type": 5, "codename": "change_session"}}, {"model": "auth.permission", "pk": 19, "fields": {"name": "Can delete session", "content_type": 5, "codename": "delete_session"}}, {"model": "auth.permission", "pk": 20, "fields": {"name": "Can view session", "content_type": 5, "codename": "view_session"}}, {"model": "auth.permission", "pk": 21, "fields": {"name": "Can add Outstanding Token", "content_type": 6, "codename": "add_outstandingtoken"}}, {"model": "auth.permission", "pk": 22, "fields": {"name": "Can change Outstanding Token", "content_type": 6, "codename": "change_outstandingtoken"}}, {"model": "auth.permission", "pk": 23, "fields": {"name": "Can delete Outstanding Token", "content_type": 6, "codename": "delete_outstandingtoken"}}, {"model": "auth.permission", "pk": 24, "fields": {"name": "Can view Outstanding Token", "content_type": 6, "codename": "view_outstandingtoken"}}, {"model": "auth.permission", "pk": 25, "fields": {"name": "Can add Blacklisted Token", "content_type": 7, "codename": "add_blacklistedtoken"}}, {"model": "auth.permission", "pk": 26, "fields": {"name": "Can change Blacklisted Token", "content_type": 7, "codename": "change_blacklistedtoken"}}, {"model": "auth.permission", "pk": 27, "fields": {"name": "Can delete Blacklisted Token", "content_type": 7, "codename": "delete_blacklistedtoken"}}, {"model": "auth.permission", "pk": 28, "fields": {"name": "Can view Blacklisted Token", "content_type": 7, "codename": "view_blacklistedtoken"}}, {"model": "auth.permission", "pk": 29, "fields": {"name": "Can add department", "content_type": 8, "codename": "add_department"}}, {"model": "auth.permission", "pk": 30, "fields": {"name": "Can change department", "content_type": 8, "codename": "change_department"}}, {"model": "auth.permission", "pk": 31, "fields": {"name": "Can delete department", "content_type": 8, "codename": "delete_department"}}, {"model": "auth.permission", "pk": 32, "fields": {"name": "Can view department", "content_type": 8, "codename": "view_department"}}, {"model": "auth.permission", "pk": 33, "fields": {"name": "Can add subject", "content_type": 9, "codename": "add_subject"}}, {"model": "auth.permission", "pk": 34, "fields": {"name": "Can change subject", "content_type": 9, "codename": "change_subject"}}, {"model": "auth.permission", "pk": 35, "fields": {"name": "Can delete subject", "content_type": 9, "codename": "delete_subject"}}, {"model": "auth.permission", "pk": 36, "fields": {"name": "Can view subject", "content_type": 9, "codename": "view_subject"}}, {"model": "auth.permission", "pk": 37, "fields": {"name": "Can add teacher", "content_type": 10, "codename": "add_teacher"}}, {"model": "auth.permission", "pk": 38, "fields": {"name": "Can change teacher", "content_type": 10, "codename": "change_teacher"}}, {"model": "auth.permission", "pk": 39, "fields": {"name": "Can delete teacher", "content_type": 10, "codename": "delete_teacher"}}, {"model": "auth.permission", "pk": 40, "fields": {"name": "Can view teacher", "content_type": 10, "codename": "view_teacher"}}, {"model": "auth.permission", "pk": 41, "fields": {"name": "Can add class room", "content_type": 11, "codename": "add_classroom"}}, {"model": "auth.permission", "pk": 42, "fields": {"name": "Can change class room", "content_type": 11, "codename": "change_classroom"}}, {"model": "auth.permission", "pk": 43, "fields": {"name": "Can delete class room", "content_type": 11, "codename": "delete_classroom"}}, {"model": "auth.permission", "pk": 44, "fields": {"name": "Can view class room", "content_type": 11, "codename": "view_classroom"}}, {"model": "auth.permission", "pk": 45, "fields": {"name": "Can add division", "content_type": 12, "codename": "add_division"}}, {"model": "auth.permission", "pk": 46, "fields": {"name": "Can change division", "content_type": 12, "codename": "change_division"}}, {"model": "auth.permission", "pk": 47, "fields": {"name": "Can delete division", "content_type": 12, "codename": "delete_division"}}, {"model": "auth.permission", "pk": 48, "fields": {"name": "Can view division", "content_type": 12, "codename": "view_division"}}, {"model": "auth.permission", "pk": 49, "fields": {"name": "Can add preference", "content_type": 13, "codename": "add_preference"}}, {"model": "auth.permission", "pk": 50, "fields": {"name": "Can change preference", "content_type": 13, "codename": "change_preference"}}, {"model": "auth.permission", "pk": 51, "fields": {"name": "Can delete preference", "content_type": 13, "codename": "delete_preference"}}, {"model": "auth.permission", "pk": 52, "fields": {"name": "Can view preference", "content_type": 13, "codename": "view_preference"}}, {"model": "auth.permission", "pk": 53, "fields": {"name": "Can add timetable", "content_type": 14, "codename": "add_timetable"}}, {"model": "auth.permission", "pk": 54, "fields": {"name": "Can change timetable", "content_type": 14, "codename": "change_timetable"}}, {"model": "auth.permission", "pk": 55, "fields": {"name": "Can delete timetable", "content_type": 14, "codename": "delete_timetable"}}, {"model": "auth.permission", "pk": 56, "fields": {"name": "Can view timetable", "content_type": 14, "codename": "view_timetable"}}, {"model": "auth.permission", "pk": 57, "fields": {"name": "Can add timetable entry", "content_type": 15, "codename": "add_timetableentry"}}, {"model": "auth.permission", "pk": 58, "fields": {"name": "Can change timetable entry", "content_type": 15, "codename": "change_timetableentry"}}, {"model": "auth.permission", "pk": 59, "fields": {"name": "Can delete timetable entry", "content_type": 15, "codename": "delete_timetableentry"}}, {"model": "auth.permission", "pk": 60, "fields": {"name": "Can view timetable entry", "content_type": 15, "codename": "view_timetableentry"}}, {"model": "auth.permission", "pk": 61, "fields": {"name": "Can add user", "content_type": 16, "codename": "add_user"}}, {"model": "auth.permission", "pk": 62, "fields": {"name": "Can change user", "content_type": 16, "codename": "change_user"}}, {"model": "auth.permission", "pk": 63, "fields": {"name": "Can delete user", "content_type": 16, "codename": "delete_user"}}, {"model": "auth.permission", "pk": 64, "fields": {"name": "Can view user", "content_type": 16, "codename": "view_user"}}, {"model": "contenttypes.contenttype", "pk": 1, "fields": {"app_label": "admin", "model": "logentry"}}, {"model": "contenttypes.contenttype", "pk": 2, "fields": {"app_label": "auth", "model": "permission"}}, {"model": "contenttypes.contenttype", "pk": 3, "fields": {"app_label": "auth", "model": "group"}}, {"model": "contenttypes.contenttype", "pk": 4, "fields": {"app_label": "contenttypes", "model": "contenttype"}}, {"model": "contenttypes.contenttype", "pk": 5, "fields": {"app_label": "sessions", "model": "session"}}, {"model": "contenttypes.contenttype", "pk": 6, "fields": {"app_label": "token_blacklist", "model": "outstandingtoken"}}, {"model": "contenttypes.contenttype", "pk": 7, "fields": {"app_label": "token_blacklist", "model": "blacklistedtoken"}}, {"model": "contenttypes.contenttype", "pk": 8, "fields": {"app_label": "timetable", "model": "department"}}, {"model": "contenttypes.contenttype", "pk": 9, "fields": {"app_label": "timetable", "model": "subject"}}, {"model": "contenttypes.contenttype", "pk": 10, "fields": {"app_label": "timetable", "model": "teacher"}}, {"model": "contenttypes.contenttype", "pk": 11, "fields": {"app_label": "timetable", "model": "classroom"}}, {"model": "contenttypes.contenttype", "pk": 12, "fields": {"app_label": "timetable", "model": "division"}}, {"model": "contenttypes.contenttype", "pk": 13, "fields": {"app_label": "timetable", "model": "preference"}}, {"model": "contenttypes.contenttype", "pk": 14, "fields": {"app_label": "timetable", "model": "timetable"}}, {"model": "contenttypes.contenttype", "pk": 15, "fields": {"app_label": "timetable", "model": "timetableentry"}}, {"model": "contenttypes.contenttype", "pk": 16, "fields": {"app_label": "users", "model": "user"}}, {"model": "sessions.session", "pk": "3y3p90ud1goo8b8o6kvo5c757bt46p09", "fields": {"session_data": ".eJxVjEEOwiAQRe_C2hBogQGX7nsGMjCjVA0kpV0Z765NutDtf-_9l4i4rSVunZc4kzgLLU6_W8L84LoDumO9NZlbXZc5yV2RB-1yasTPy-H-HRTs5VuDMiGwM8jsg1HJIyZ0nPlqPYyOcAAFrL0hb7VHCxiMJkh5tJbCoMX7A-g4N7g:1vJk52:hwzHwDqU68RmMOtBkJFPdoYszqfnjCPRM0pZUVEX9Ec", "expire_date": "2025-11-28T03:02:32.709Z"}}, {"model": "sessions.session", "pk": "h53ssw54ia9qzp23czv62j5mc1tyyhtd", "fields": {"session_data": ".eJxVjEEOwiAQRe_C2hBogQGX7nsGMjCjVA0kpV0Z765NutDtf-_9l4i4rSVunZc4kzgLLU6_W8L84LoDumO9NZlbXZc5yV2RB-1yasTPy-H-HRTs5VuDMiGwM8jsg1HJIyZ0nPlqPYyOcAAFrL0hb7VHCxiMJkh5tJbCoMX7A-g4N7g:1v8AoD:EYJtwAkL-UVzeGsIGWLwuUwSZZng6ifO5NaLVZ_DWE4", "expire_date": "2025-10-27T05:09:21.550Z"}}, {"model": "token_blacklist.outstandingtoken", "pk": 1, "fields": {"user": 2, "jti": "d69250071e2f4a01bbbc29d6009d2756", "token": "eyJhbGciOiJIUzI1NiIsInR5cCI6IkpXVCJ9.eyJ0b2tlbl90eXBlIjoicmVmcmVzaCIsImV4cCI6MTc2MzE3NTc3MiwiaWF0IjoxNzYzMDg5MzcyLCJqdGkiOiJkNjkyNTAwNzFlMmY0YTAxYmJiYzI5ZDYwMDlkMjc1NiIsInVzZXJfaWQiOiIyIn0.YjpcoYg0t1-nA6ShI-sjWwP5vrE9rXUY8jV9JjV5HOE", "created_at": "2025-11-14T03:02:52.630Z", "expires_at": "2025-11-15T03:02:52Z"}}, {"model": "token_blacklist.outstandingtoken", "pk": 2, "fields": {"user": 2, "jti": "f8d27a92ec9045f2a963694be128af64", "token": "eyJhbGciOiJIUzI1NiIsInR5cCI6IkpXVCJ9.eyJ0b2tlbl90eXBlIjoicmVmcmVzaCIsImV4cCI6MTc2MzE3NTc4NiwiaWF0IjoxNzYzMDg5Mzg2LCJqdGkiOiJmOGQyN2E5MmVjOTA0NWYyYTk2MzY5NGJlMTI4YWY2NCIsInVzZXJfaWQiOiIyIn0.ePDiXsXjocMgRZ67zizxH9NBSKpGGOYeJnFHwEZIVQs", "created_at": "2025-11-14T03:03:06.890Z", "expires_at": "2025-11-15T03:03:06Z"}}, {"model": "token_blacklist.outstandingtoken", "pk": 3, "fields": {"user": 2, "jti": "509a3c1c623a4df19d6073dfd927c1bb", "token": "eyJhbGciOiJIUzI1NiIsInR5cCI6IkpXVCJ9.eyJ0b2tlbl90eXBlIjoicmVmcmVzaCIsImV4cCI6MTc2MzE3NjI5OCwiaWF0IjoxNzYzMDg5ODk4LCJqdGkiOiI1MDlhM2MxYzYyM2E0ZGYxOWQ2MDczZGZkOTI3YzFiYiIsInVzZXJfaWQiOiIyIn0.06HD2Ium_dHhb0qgYoEg_wP7F4aU49PElgCd_fAtRc0", "created_at": "2025-11-14T03:11:38.051Z", "expires_at": "2025-11-15T03:11:38Z"}}, {"model": "token_blacklist.outstandingtoken", "pk": 4, "fields": {"user": 2, "jti": "d7964c4510b8469bb4871b1787724f9c", "token": "eyJhbGciOiJIUzI1NiIsInR5cCI6IkpXVCJ9.eyJ0b2tlbl90eXBlIjoicmVmcmVzaCIsImV4cCI6MTc2MzE3NjMxOSwiaWF0IjoxNzYzMDg5OTE5LCJqdGkiOiJkNzk2NGM0NTEwYjg0NjliYjQ4NzFiMTc4NzcyNGY5YyIsInVzZXJfaWQiOiIyIn0.RVIteMNUZUtjVysQl6y7C7DKLalOOvz2Scs4QDfVhrs", "created_at": "2025-11-14T03:11:59.141Z", "expires_at": "2025-11-15T03:11:59Z"}}, {"model": "token_blacklist.outstandingtoken", "pk": 5, "fields": {"user": 2, "jti": "e65933c9c3dd4e61abc7d9066c4fd264", "token": "eyJhbGciOiJIUzI1NiIsInR5cCI6IkpXVCJ9.eyJ0b2tlbl90eXBlIjoicmVmcmVzaCIsImV4cCI6MTc2MzE3NjM0NiwiaWF0IjoxNzYzMDg5OTQ2LCJqdGkiOiJlNjU5MzNjOWMzZGQ0ZTYxYWJjN2Q5MDY2YzRmZDI2NCIsInVzZXJfaWQiOiIyIn0.0AbQuEn94ZKfyYqC76orxB5BZjGL7bjMosWl0UtWUgc", "created_at": "2025-11-14T03:12:26.979Z", "expires_at": "2025-11-15T03:12:26Z"}}, {"model": "token_blacklist.outstandingtoken", "pk": 6, "fields": {"user": 2, "jti": "4f2592d967204da09398e0c937731717", "token": "eyJhbGciOiJIUzI1NiIsInR5cCI6IkpXVCJ9.eyJ0b2tlbl90eXBlIjoicmVmcmVzaCIsImV4cCI6MTc2MzE3NzE3NiwiaWF0IjoxNzYzMDkwNzc2LCJqdGkiOiI0ZjI1OTJkOTY3MjA0ZGEwOTM5OGUwYzkzNzczMTcxNyIsInVzZXJfaWQiOiIyIn0.td4uB0516cNW7oKbFLDatBQ5VJWpGdQPqns58-e8vM8", "created_at": "2025-11-14T03:26:16.329Z", "expires_at": "2025-11-15T03:26:16Z"}}, {"model": "token_blacklist.outstandingtoken", "pk": 7, "fields": {"user": 2, "jti": "07b184dd10954944bb87d1541bb0180f", "token": "eyJhbGciOiJIUzI1NiIsInR5cCI6IkpXVCJ9.eyJ0b2tlbl90eXBlIjoicmVmcmVzaCIsImV4cCI6MTc2MzE3NzYyNCwiaWF0IjoxNzYzMDkxMjI0LCJqdGkiOiIwN2IxODRkZDEwOTU0OTQ0YmI4N2QxNTQxYmIwMTgwZiIsInVzZXJfaWQiOiIyIn0.Ffkwtw4izfJKowNZo0VohZS2jdt6x11UH0PuUmqzTGE", "created_at": "2025-11-14T03:33:44.456Z", "expires_at": "2025-11-15T03:33:44Z"}}, {"model": "token_blacklist.outstandingtoken", "pk": 8, "fields": {"user": 2, "jti": "b044dc2fa5c74e3facb96dbe1f44ba74", "token": "eyJhbGciOiJIUzI1NiIsInR5cCI6IkpXVCJ9.eyJ0b2tlbl90eXBlIjoicmVmcmVzaCIsImV4cCI6MTc2MzE3NzYzNywiaWF0IjoxNzYzMDkxMjM3LCJqdGkiOiJiMDQ0ZGMyZmE1Yzc0ZTNmYWNiOTZkYmUxZjQ0YmE3NCIsInVzZXJfaWQiOiIyIn0.Wdq1MEUReuOmvAV_bdy_9vfYmrvVwLZfFItYvI79g6I", "created_at": "2025-11-14T03:33:57.652Z", "expires_at": "2025-11-15T03:33:57Z"}}, {"model": "token_blacklist.outstandingtoken", "pk": 9, "fields": {"user": 2, "jti": "e14b98a5976d48239b169e7f908b046e", "token": "eyJhbGciOiJIUzI1NiIsInR5cCI6IkpXVCJ9.eyJ0b2tlbl90eXBlIjoicmVmcmVzaCIsImV4cCI6MTc2MzE3NzY1MSwiaWF0IjoxNzYzMDkxMjUxLCJqdGkiOiJlMTRiOThhNTk3NmQ0ODIzOWIxNjllN2Y5MDhiMDQ2ZSIsInVzZXJfaWQiOiIyIn0.YI89h_JzvmcB1eBhZUCUpim_zONchywmn88mY3QJS6A", "created_at": "2025-11-14T03:34:11.836Z", "expires_at": "2025-11-15T03:34:11Z"}}, {"model": "token_blacklist.outstandingtoken", "pk": 10, "fields": {"user": 2, "jti": "98d6f7b53e234133b58bc891f9e0e61e", "token": "eyJhbGciOiJIUzI1NiIsInR5cCI6IkpXVCJ9.eyJ0b2tlbl90eXBlIjoicmVmcmVzaCIsImV4cCI6MTc2MzE3NzY4OSwiaWF0IjoxNzYzMDkxMjg5LCJqdGkiOiI5OGQ2ZjdiNTNlMjM0MTMzYjU4YmM4OTFmOWUwZTYxZSIsInVzZXJfaWQiOiIyIn0.ZupAFIrg-CdMKVddmv4UyXr54F1tcRjq_K5sSAg--ws", "created_at": "2025-11-14T03:34:49.160Z", "expires_at": "2025-11-15T03:34:49Z"}}, {"model": "token_blacklist.outstandingtoken", "pk": 11, "fields": {"user": 2, "jti": "09c43a83c6d248b5820b5600181fdc80", "token": "eyJhbGciOiJIUzI1NiIsInR5cCI6IkpXVCJ9.eyJ0b2tlbl90eXBlIjoicmVmcmVzaCIsImV4cCI6MTc2MzE3NzcyMCwiaWF0IjoxNzYzMDkxMzIwLCJqdGkiOiIwOWM0M2E4M2M2ZDI0OGI1ODIwYjU2MDAxODFmZGM4MCIsInVzZXJfaWQiOiIyIn0.AkNZdAjyPgz7C-gsa1EiTAMYwNlmGo3BJJ_TWi1SePw", "created_at": "2025-11-14T03:35:20.747Z", "expires_at": "2025-11-15T03:35:20Z"}}, {"model": "token_blacklist.outstandingtoken", "pk": 12, "fields": {"user": 2, "jti": "123b0b965eb74af3ba060482319c57cc", "token": "eyJhbGciOiJIUzI1NiIsInR5cCI6IkpXVCJ9.eyJ0b2tlbl90eXBlIjoicmVmcmVzaCIsImV4cCI6MTc2MzE3NzczNywiaWF0IjoxNzYzMDkxMzM3LCJqdGkiOiIxMjNiMGI5NjVlYjc0YWYzYmEwNjA0ODIzMTljNTdjYyIsInVzZXJfaWQiOiIyIn0.Nr_4zmgJQvjm6DAm7MPpzkCaWm5EUn0dgvQZLCHkUAI", "created_at": "2025-11-14T03:35:37.236Z", "expires_at": "2025-11-15T03:35:37Z"}}, {"model": "token_blacklist.outstandingtoken", "pk": 13, "fields": {"user": 2, "jti": "3650adc699d54a4ab02364745e700a84", "token": "eyJhbGciOiJIUzI1NiIsInR5cCI6IkpXVCJ9.eyJ0b2tlbl90eXBlIjoicmVmcmVzaCIsImV4cCI6MTc2MzE3Nzc2NywiaWF0IjoxNzYzMDkxMzY3LCJqdGkiOiIzNjUwYWRjNjk5ZDU0YTRhYjAyMzY0NzQ1ZTcwMGE4NCIsInVzZXJfaWQiOiIyIn0.Nn4KHR4qVQCNhIrZIMOQ4ovZpvYs9IC-EXyYhBtG3EE", "created_at": "2025-11-14T03:36:07.409Z", "expires_at": "2025-11-15T03:36:07Z"}}, {"model": "token_blacklist.outstandingtoken", "pk": 14, "fields": {"user": 2, "jti": "033321455f8442f8a988c582cb4e9a65", "token": "eyJhbGciOiJIUzI1NiIsInR5cCI6IkpXVCJ9.eyJ0b2tlbl90eXBlIjoicmVmcmVzaCIsImV4cCI6MTc2MzE3ODY1NiwiaWF0IjoxNzYzMDkyMjU2LCJqdGkiOiIwMzMzMjE0NTVmODQ0MmY4YTk4OGM1ODJjYjRlOWE2NSIsInVzZXJfaWQiOiIyIn0.Y-MM5kBCnm2vhHnh_atZd1lFQ3X5_axVOHCWX6G2jTk", "created_at": "2025-11-14T03:50:56.767Z", "expires_at": "2025-11-15T03:50:56Z"}}, {"model": "token_blacklist.outstandingtoken", "pk": 15, "fields": {"user": 2, "jti": "0ad77a18099642b794482a4a38b8ce48", "token": "eyJhbGciOiJIUzI1NiIsInR5cCI6IkpXVCJ9.eyJ0b2tlbl90eXBlIjoicmVmcmVzaCIsImV4cCI6MTc2MzE4MjQ1MiwiaWF0IjoxNzYzMDk2MDUyLCJqdGkiOiIwYWQ3N2ExODA5OTY0MmI3OTQ0ODJhNGEzOGI4Y2U0OCIsInVzZXJfaWQiOiIyIn0.k8Ba_LaerBs7vnilp4tQjQ2k_xXDJZaa83fKTH7tb8g", "created_at": "2025-11-14T04:54:12.250Z", "expires_at": "2025-11-15T04:54:12Z"}}, {"model": "token_blacklist.outstandingtoken", "pk": 16, "fields": {"user": 20, "jti": "e3f4f4e565c74955aabfcbf3c46498d6", "token": "eyJhbGciOiJIUzI1NiIsInR5cCI6IkpXVCJ9.eyJ0b2tlbl90eXBlIjoicmVmcmVzaCIsImV4cCI6MTc2MzE4MjkzMiwiaWF0IjoxNzYzMDk2NTMyLCJqdGkiOiJlM2Y0ZjRlNTY1Yzc0OTU1YWFiZmNiZjNjNDY0OThkNiIsInVzZXJfaWQiOiIyMCJ9.11LzPpW5yAT1-nQL7PcRGDt59rb4H5j-_4J9Iw6jLaY", "created_at": "2025-11-14T05:02:12.079Z", "expires_at": "2025-11-15T05:02:12Z"}}, {"model": "token_blacklist.outstandingtoken", "pk": 17, "fields": {"user": 2, "jti": "6fd2c04f69dc46b6aa47ad190ca87863", "token": "eyJhbGciOiJIUzI1NiIsInR5cCI6IkpXVCJ9.eyJ0b2tlbl90eXBlIjoicmVmcmVzaCIsImV4cCI6MTc2MzE4NTMwNiwiaWF0IjoxNzYzMDk4OTA2LCJqdGkiOiI2ZmQyYzA0ZjY5ZGM0NmI2YWE0N2FkMTkwY2E4Nzg2MyIsInVzZXJfaWQiOiIyIn0.BvdY_S0VIREQUMgijIVvPbXT3r0JKoqMbPF0038oc2M", "created_at": "2025-11-14T05:41:46.612Z", "expires_at": "2025-11-15T05:41:46Z"}}, {"model": "token_blacklist.outstandingtoken", "pk": 18, "fields": {"user": 2, "jti": "63a18551309a44e3be49f155c1219eec", "token": "eyJhbGciOiJIUzI1NiIsInR5cCI6IkpXVCJ9.eyJ0b2tlbl90eXBlIjoicmVmcmVzaCIsImV4cCI6MTc2MzE4NTU3MCwiaWF0IjoxNzYzMDk5MTcwLCJqdGkiOiI2M2ExODU1MTMwOWE0NGUzYmU0OWYxNTVjMTIxOWVlYyIsInVzZXJfaWQiOiIyIn0.p2qYX8wH7OPEDRONoaj_t5DUDhfJ7CSCPfmIr16DDD8", "created_at": "2025-11-14T05:46:10.864Z", "expires_at": "2025-11-15T05:46:10Z"}}, {"model": "token_blacklist.outstandingtoken", "pk": 19, "fields": {"user": 1, "jti": "caa8dc61b70948cfbf0408be475060da", "token": "eyJhbGciOiJIUzI1NiIsInR5cCI6IkpXVCJ9.eyJ0b2tlbl90eXBlIjoicmVmcmVzaCIsImV4cCI6MTc2MzE4NjQ1NCwiaWF0IjoxNzYzMTAwMDU0LCJqdGkiOiJjYWE4ZGM2MWI3MDk0OGNmYmYwNDA4YmU0NzUwNjBkYSIsInVzZXJfaWQiOiIxIn0._B_UUK0KCx2vbdl-cWA8ye75lvCdH27OS2CK-WH89zg", "created_at": "2025-11-14T06:00:54.434Z", "expires_at": "2025-11-15T06:00:54Z"}}, {"model": "token_blacklist.outstandingtoken", "pk": 20, "fields": {"user": 1, "jti": "29a78223f8fa443da2bddd22c6e939b8", "token": "eyJhbGciOiJIUzI1NiIsInR5cCI6IkpXVCJ9.eyJ0b2tlbl90eXBlIjoicmVmcmVzaCIsImV4cCI6MTc2MzE4NjU3MiwiaWF0IjoxNzYzMTAwMTcyLCJqdGkiOiIyOWE3ODIyM2Y4ZmE0NDNkYTJiZGRkMjJjNmU5MzliOCIsInVzZXJfaWQiOiIxIn0.X_3VJ8gwNegbtebcYrWrnfmTWEzLdxH5E4YE0PmFPvY", "created_at": "2025-11-14T06:02:52.540Z", "expires_at": "2025-11-15T06:02:52Z"}}, {"model": "token_blacklist.outstandingtoken", "pk": 21, "fields": {"user": 1, "jti": "2cb25c94db52409f9b4a51f4bae276a3", "token": "eyJhbGciOiJIUzI1NiIsInR5cCI6IkpXVCJ9.eyJ0b2tlbl90eXBlIjoicmVmcmVzaCIsImV4cCI6MTc2MzE4NjYzOCwiaWF0IjoxNzYzMTAwMjM4LCJqdGkiOiIyY2IyNWM5NGRiNTI0MDlmOWI0YTUxZjRiYWUyNzZhMyIsInVzZXJfaWQiOiIxIn0.m-rrTwZJ-PiBQ5ieZ5_PBPtRgAiDNvW2gbe5aylIBiU", "created_at": "2025-11-14T06:03:58.757Z", "expires_at": "2025-11-15T06:03:58Z"}}, {"model": "token_blacklist.outstandingtoken", "pk": 22, "fields": {"user": 1, "jti": "53786dfd9a1e4e9d970a6856bba443ff", "token": "eyJhbGciOiJIUzI1NiIsInR5cCI6IkpXVCJ9.eyJ0b2tlbl90eXBlIjoicmVmcmVzaCIsImV4cCI6MTc2MzE4NzA5MiwiaWF0IjoxNzYzMTAwNjkyLCJqdGkiOiI1Mzc4NmRmZDlhMWU0ZTlkOTcwYTY4NTZiYmE0NDNmZiIsInVzZXJfaWQiOiIxIn0.pVL63HjSf2pQ5A2DX4LxPQhe_eSAdC7MDKdH0FVcOv4", "created_at": "2025-11-14T06:11:32.831Z", "expires_at": "2025-11-15T06:11:32Z"}}, {"model": "token_blacklist.outstandingtoken", "pk": 23, "fields": {"user": 2, "jti": "67f6af2216ec4a00b31b8e0007404a03", "token": "eyJhbGciOiJIUzI1NiIsInR5cCI6IkpXVCJ9.eyJ0b2tlbl90eXBlIjoicmVmcmVzaCIsImV4cCI6MTc2MzE4NzEwMiwiaWF0IjoxNzYzMTAwNzAyLCJqdGkiOiI2N2Y2YWYyMjE2ZWM0YTAwYjMxYjhlMDAwNzQwNGEwMyIsInVzZXJfaWQiOiIyIn0.BouJ_xJPirTtCwAlU7gzd-v2i0CIer6Q5hclgWOKQYs", "created_at": "2025-11-14T06:11:42.417Z", "expires_at": "2025-11-15T06:11:42Z"}}, {"model": "token_blacklist.outstandingtoken", "pk": 24, "fields": {"user": 2, "jti": "a730a88b00e643e1ac29cee2bc0ebabc", "token": "eyJhbGciOiJIUzI1NiIsInR5cCI6IkpXVCJ9.eyJ0b2tlbl90eXBlIjoicmVmcmVzaCIsImV4cCI6MTc2MzE4NzExOCwiaWF0IjoxNzYzMTAwNzE4LCJqdGkiOiJhNzMwYTg4YjAwZTY0M2UxYWMyOWNlZTJiYzBlYmFiYyIsInVzZXJfaWQiOiIyIn0.sjROEMB1HBNoQb7RcFxhvg3eYWRf2dWgIduloIDN79s", "created_at": "2025-11-14T06:11:58.780Z", "expires_at": "2025-11-15T06:11:58Z"}}, {"model": "token_blacklist.outstandingtoken", "pk": 25, "fields": {"user": 1, "jti": "86e4ba5b089e497a95dcf5980ecf6d2a", "token": "eyJhbGciOiJIUzI1NiIsInR5cCI6IkpXVCJ9.eyJ0b2tlbl90eXBlIjoicmVmcmVzaCIsImV4cCI6MTc2MzE4NzEyOSwiaWF0IjoxNzYzMTAwNzI5LCJqdGkiOiI4NmU0YmE1YjA4OWU0OTdhOTVkY2Y1OTgwZWNmNmQyYSIsInVzZXJfaWQiOiIxIn0.2LzFOoJsz8oj1tSW1Tri6SFvl6lSowWzV9mBFSzWGlM", "created_at": "2025-11-14T06:12:09.280Z", "expires_at": "2025-11-15T06:12:09Z"}}, {"model": "token_blacklist.outstandingtoken", "pk": 26, "fields": {"user": 1, "jti": "97085b196a5f4d59931120de0186a27c", "token": "eyJhbGciOiJIUzI1NiIsInR5cCI6IkpXVCJ9.eyJ0b2tlbl90eXBlIjoicmVmcmVzaCIsImV4cCI6MTc2MzE4NzEzNCwiaWF0IjoxNzYzMTAwNzM0LCJqdGkiOiI5NzA4NWIxOTZhNWY0ZDU5OTMxMTIwZGUwMTg2YTI3YyIsInVzZXJfaWQiOiIxIn0.uGbuPoLPMbV9Ruzup8BjVT8sMV_ibUVnzYujTagnYSE", "created_at": "2025-11-14T06:12:14.180Z", "expires_at": "2025-11-15T06:12:14Z"}}, {"model": "token_blacklist.outstandingtoken", "pk": 27, "fields": {"user": 1, "jti": "ad26b52c41344cf991c011e7953b483b", "token": "eyJhbGciOiJIUzI1NiIsInR5cCI6IkpXVCJ9.eyJ0b2tlbl90eXBlIjoicmVmcmVzaCIsImV4cCI6MTc2MzE4NzQxOCwiaWF0IjoxNzYzMTAxMDE4LCJqdGkiOiJhZDI2YjUyYzQxMzQ0Y2Y5OTFjMDExZTc5NTNiNDgzYiIsInVzZXJfaWQiOiIxIn0.XYBwMGD8ZOu7sdZJkq1vkPlc7En_9eZ1G0JtCEv3-Do", "created_at": "2025-11-14T06:16:58.382Z", "expires_at": "2025-11-15T06:16:58Z"}}, {"model": "token_blacklist.outstandingtoken", "pk": 28, "fields": {"user": 2, "jti": "038598b298c04ab4919e331c0ed6e0e7", "token": "eyJhbGciOiJIUzI1NiIsInR5cCI6IkpXVCJ9.eyJ0b2tlbl90eXBlIjoicmVmcmVzaCIsImV4cCI6MTc2MzE4NzQyMywiaWF0IjoxNzYzMTAxMDIzLCJqdGkiOiIwMzg1OThiMjk4YzA0YWI0OTE5ZTMzMWMwZWQ2ZTBlNyIsInVzZXJfaWQiOiIyIn0.rmQTmPcnKItILVYS5jsiGKlHEguA8JDg98HUL8cc-7E", "created_at": "2025-11-14T06:17:03.208Z", "expires_at": "2025-11-15T06:17:03Z"}}, {"model": "token_blacklist.outstandingtoken", "pk": 29, "fields": {"user": 2, "jti": "1bde72f30a5a4a5d93f0439722e59963", "token": "eyJhbGciOiJIUzI1NiIsInR5cCI6IkpXVCJ9.eyJ0b2tlbl90eXBlIjoicmVmcmVzaCIsImV4cCI6MTc2MzE4NzU4OCwiaWF0IjoxNzYzMTAxMTg4LCJqdGkiOiIxYmRlNzJmMzBhNWE0YTVkOTNmMDQzOTcyMmU1OTk2MyIsInVzZXJfaWQiOiIyIn0.LqbOGf1S5bLoSrvXd0cIrCi_VBGiAaCSQMYW1SYZE2A", "created_at": "2025-11-14T06:19:48.588Z", "expires_at": "2025-11-15T06:19:48Z"}}, {"model": "token_blacklist.outstandingtoken", "pk": 30, "fields": {"user": 1, "jti": "127a9c5e859c4b3581e1cfc9b3841d3f", "token": "eyJhbGciOiJIUzI1NiIsInR5cCI6IkpXVCJ9.eyJ0b2tlbl90eXBlIjoicmVmcmVzaCIsImV4cCI6MTc2MzE4ODE3OCwiaWF0IjoxNzYzMTAxNzc4LCJqdGkiOiIxMjdhOWM1ZTg1OWM0YjM1ODFlMWNmYzliMzg0MWQzZiIsInVzZXJfaWQiOiIxIn0.8GgaBshGT9L5ZaxA4di9fq5_gPQdS6R1o2Wm4cO6g98", "created_at": "2025-11-14T06:29:38.713Z", "expires_at": "2025-11-15T06:29:38Z"}}, {"model": "token_blacklist.outstandingtoken", "pk": 31, "fields": {"user": 2, "jti": "9dab95e4934e4fb891faa6b55c61592a", "token": "eyJhbGciOiJIUzI1NiIsInR5cCI6IkpXVCJ9.eyJ0b2tlbl90eXBlIjoicmVmcmVzaCIsImV4cCI6MTc2MzM0Mjc5NSwiaWF0IjoxNzYzMjU2Mzk1LCJqdGkiOiI5ZGFiOTVlNDkzNGU0ZmI4OTFmYWE2YjU1YzYxNTkyYSIsInVzZXJfaWQiOiIyIn0.vxbRqjQcmSfnE83JmR3sBimabTd0jJjraZfi5GVR_nE", "created_at": "2025-11-16T01:26:35.180Z", "expires_at": "2025-11-17T01:26:35Z"}}, {"model": "token_blacklist.outstandingtoken", "pk": 32, "fields": {"user": 1, "jti": "e77efab1ff404a70b32528aac7a5568f", "token": "eyJhbGciOiJIUzI1NiIsInR5cCI6IkpXVCJ9.eyJ0b2tlbl90eXBlIjoicmVmcmVzaCIsImV4cCI6MTc2MzM0MjgwMCwiaWF0IjoxNzYzMjU2NDAwLCJqdGkiOiJlNzdlZmFiMWZmNDA0YTcwYjMyNTI4YWFjN2E1NTY4ZiIsInVzZXJfaWQiOiIxIn0.gVpulXcJF7LagXPqRL6ywjD0k7HW7Zcr4fg3zY_1nIc", "created_at": "2025-11-16T01:26:40.005Z", "expires_at": "2025-11-17T01:26:40Z"}}, {"model": "token_blacklist.outstandingtoken", "pk": 33, "fields": {"user": 1, "jti": "f078bfa80fc54b4284dcf4c9f77ccd66", "token": "eyJhbGciOiJIUzI1NiIsInR5cCI6IkpXVCJ9.eyJ0b2tlbl90eXBlIjoicmVmcmVzaCIsImV4cCI6MTc2MzM2MzE2OSwiaWF0IjoxNzYzMjc2NzY5LCJqdGkiOiJmMDc4YmZhODBmYzU0YjQyODRkY2Y0YzlmNzdjY2Q2NiIsInVzZXJfaWQiOiIxIn0.QSLAKAGJJPpIDxR_XNZuOZ7pXrQCioiDf0mz9c8GCz8", "created_at": "2025-11-16T07:06:09.618Z", "expires_at": "2025-11-17T07:06:09Z"}}, {"model": "token_blacklist.outstandingtoken", "pk": 34, "fields": {"user": 2, "jti": "ea8c05f0376b4d6ca0aa356455571137", "token": "eyJhbGciOiJIUzI1NiIsInR5cCI6IkpXVCJ9.eyJ0b2tlbl90eXBlIjoicmVmcmVzaCIsImV4cCI6MTc2MzM2MzMwNywiaWF0IjoxNzYzMjc2OTA3LCJqdGkiOiJlYThjMDVmMDM3NmI0ZDZjYTBhYTM1NjQ1NTU3MTEzNyIsInVzZXJfaWQiOiIyIn0.bwxX4eKm2FnSsdcxayr3_rGjGnpMdnbfh59cYDGEYxM", "created_at": "2025-11-16T07:08:27.794Z", "expires_at": "2025-11-17T07:08:27Z"}}, {"model": "token_blacklist.outstandingtoken", "pk": 35, "fields": {"user": 1, "jti": "8339410758b84125af8355577aea0101", "token": "eyJhbGciOiJIUzI1NiIsInR5cCI6IkpXVCJ9.eyJ0b2tlbl90eXBlIjoicmVmcmVzaCIsImV4cCI6MTc2MzM2MzMxNywiaWF0IjoxNzYzMjc2OTE3LCJqdGkiOiI4MzM5NDEwNzU4Yjg0MTI1YWY4MzU1NTc3YWVhMDEwMSIsInVzZXJfaWQiOiIxIn0.CMzQxb4VSsTNYtRqRvvUl9SBwiGzIb1vwdu3vx0_1dk", "created_at": "2025-11-16T07:08:37.474Z", "expires_at": "2025-11-17T07:08:37Z"}}, {"model": "token_blacklist.outstandingtoken", "pk": 36, "fields": {"user": 1, "jti": "4b59b3e684e249c89a9ba8453eb4ae81", "token": "eyJhbGciOiJIUzI1NiIsInR5cCI6IkpXVCJ9.eyJ0b2tlbl90eXBlIjoicmVmcmVzaCIsImV4cCI6MTc2MzM2ODk3MSwiaWF0IjoxNzYzMjgyNTcxLCJqdGkiOiI0YjU5YjNlNjg0ZTI0OWM4OWE5YmE4NDUzZWI0YWU4MSIsInVzZXJfaWQiOiIxIn0.jrdmd3N-gHfJFbPsDp9Wt7FxCLA2biiGdZb3Ufv__ZM", "created_at": "2025-11-16T08:42:51.151Z", "expires_at": "2025-11-17T08:42:51Z"}}, {"model": "token_blacklist.outstandingtoken", "pk": 37, "fields": {"user": 1, "jti": "cab0b1ae109c48e6b90a7d363b9117cf", "token": "eyJhbGciOiJIUzI1NiIsInR5cCI6IkpXVCJ9.eyJ0b2tlbl90eXBlIjoicmVmcmVzaCIsImV4cCI6MTc2MzM2OTA5NiwiaWF0IjoxNzYzMjgyNjk2LCJqdGkiOiJjYWIwYjFhZTEwOWM0OGU2YjkwYTdkMzYzYjkxMTdjZiIsInVzZXJfaWQiOiIxIn0.tBQVJO9p0wK-c5r1pWpglnu_fJ7H8BeVrO7Sna7sbQs", "created_at": "2025-11-16T08:44:56.910Z", "expires_at": "2025-11-17T08:44:56Z"}}, {"model": "token_blacklist.outstandingtoken", "pk": 38, "fields": {"user": 1, "jti": "4ceb36a0276046988323eecc142ae855", "token": "eyJhbGciOiJIUzI1NiIsInR5cCI6IkpXVCJ9.eyJ0b2tlbl90eXBlIjoicmVmcmVzaCIsImV4cCI6MTc2MzM2OTEwNCwiaWF0IjoxNzYzMjgyNzA0LCJqdGkiOiI0Y2ViMzZhMDI3NjA0Njk4ODMyM2VlY2MxNDJhZTg1NSIsInVzZXJfaWQiOiIxIn0.ZJBZNQCIe_pbIu6Iaw3KWd6_0NiZ_8PZ8H_esT4O6pU", "created_at": "2025-11-16T08:45:04.593Z", "expires_at": "2025-11-17T08:45:04Z"}}, {"model": "token_blacklist.outstandingtoken", "pk": 39, "fields": {"user": 1, "jti": "4a287b3a16fb4bcbb68aba6de4b9804e", "token": "eyJhbGciOiJIUzI1NiIsInR5cCI6IkpXVCJ9.eyJ0b2tlbl90eXBlIjoicmVmcmVzaCIsImV4cCI6MTc2MzM2OTE2NiwiaWF0IjoxNzYzMjgyNzY2LCJqdGkiOiI0YTI4N2IzYTE2ZmI0YmNiYjY4YWJhNmRlNGI5ODA0ZSIsInVzZXJfaWQiOiIxIn0.X4VPUP-IaTu-jMn1Wk8qdEVXnfJ09_JJREwEKGsN99E", "created_at": "2025-11-16T08:46:06.935Z", "expires_at": "2025-11-17T08:46:06Z"}}, {"model": "token_blacklist.outstandingtoken", "pk": 40, "fields": {"user": 1, "jti": "a4d36dbb6c914492a34e120a91bc3d4d", "token": "eyJhbGciOiJIUzI1NiIsInR5cCI6IkpXVCJ9.eyJ0b2tlbl90eXBlIjoicmVmcmVzaCIsImV4cCI6MTc2MzM2OTE3OCwiaWF0IjoxNzYzMjgyNzc4LCJqdGkiOiJhNGQzNmRiYjZjOTE0NDkyYTM0ZTEyMGE5MWJjM2Q0ZCIsInVzZXJfaWQiOiIxIn0.TrERhQmQ6PzCGJd7s4Tf1jkuxmixbLKmhgTOGzkuZd8", "created_at": "2025-11-16T08:46:18.023Z", "expires_at": "2025-11-17T08:46:18Z"}}, {"model": "token_blacklist.outstandingtoken", "pk": 41, "fields": {"user": 1, "jti": "032c459e44a14548a017e207e5a2a84b", "token": "eyJhbGciOiJIUzI1NiIsInR5cCI6IkpXVCJ9.eyJ0b2tlbl90eXBlIjoicmVmcmVzaCIsImV4cCI6MTc2MzM3MjkzOCwiaWF0IjoxNzYzMjg2NTM4LCJqdGkiOiIwMzJjNDU5ZTQ0YTE0NTQ4YTAxN2UyMDdlNWEyYTg0YiIsInVzZXJfaWQiOiIxIn0.t5HEFRU-gDW_0b6WjfjRctChGqsxYbLpXg5xYj8B7Dg", "created_at": "2025-11-16T09:48:58.891Z", "expires_at": "2025-11-17T09:48:58Z"}}, {"model": "token_blacklist.outstandingtoken", "pk": 42, "fields": {"user": 1, "jti": "72827953642e4d80b184b345ab013aaa", "token": "eyJhbGciOiJIUzI1NiIsInR5cCI6IkpXVCJ9.eyJ0b2tlbl90eXBlIjoicmVmcmVzaCIsImV4cCI6MTc2MzM3MjkzOCwiaWF0IjoxNzYzMjg2NTM4LCJqdGkiOiI3MjgyNzk1MzY0MmU0ZDgwYjE4NGIzNDVhYjAxM2FhYSIsInVzZXJfaWQiOiIxIn0.aLdJxlI_gOME1jfDmUjh2TRbUi1SY4mGSFyPf6TlJRo", "created_at": "2025-11-16T09:48:58.892Z", "expires_at": "2025-11-17T09:48:58Z"}}, {"model": "token_blacklist.outstandingtoken", "pk": 43, "fields": {"user": 1, "jti": "f8a52736d65d43bcb662687ed48fdc52", "token": "eyJhbGciOiJIUzI1NiIsInR5cCI6IkpXVCJ9.eyJ0b2tlbl90eXBlIjoicmVmcmVzaCIsImV4cCI6MTc2MzM3MjkzOCwiaWF0IjoxNzYzMjg2NTM4LCJqdGkiOiJmOGE1MjczNmQ2NWQ0M2JjYjY2MjY4N2VkNDhmZGM1MiIsInVzZXJfaWQiOiIxIn0.vRZei9jLqZwbGefDAMnllGQ7x-uEWe5egN7FBG_HYnc", "created_at": "2025-11-16T09:48:58.894Z", "expires_at": "2025-11-17T09:48:58Z"}}, {"model": "token_blacklist.outstandingtoken", "pk": 44, "fields": {"user": 1, "jti": "e19d805ebd4d40a5b7309fe2284cda0d", "token": "eyJhbGciOiJIUzI1NiIsInR5cCI6IkpXVCJ9.eyJ0b2tlbl90eXBlIjoicmVmcmVzaCIsImV4cCI6MTc2MzM3NjU0MiwiaWF0IjoxNzYzMjkwMTQyLCJqdGkiOiJlMTlkODA1ZWJkNGQ0MGE1YjczMDlmZTIyODRjZGEwZCIsInVzZXJfaWQiOiIxIn0.k4Mqy0EI4cRhcKOpJOAzfJP5t-QHuEMEXDrU7-afKqI", "created_at": "2025-11-16T10:49:02.057Z", "expires_at": "2025-11-17T10:49:02Z"}}, {"model": "token_blacklist.outstandingtoken", "pk": 45, "fields": {"user": 1, "jti": "f05b607c834d4d40a8783d2b05f52575", "token": "eyJhbGciOiJIUzI1NiIsInR5cCI6IkpXVCJ9.eyJ0b2tlbl90eXBlIjoicmVmcmVzaCIsImV4cCI6MTc2MzM3ODgwNSwiaWF0IjoxNzYzMjkyNDA1LCJqdGkiOiJmMDViNjA3YzgzNGQ0ZDQwYTg3ODNkMmIwNWY1MjU3NSIsInVzZXJfaWQiOiIxIn0.Phay91oTRQMO6YnoHDLZ6dxuRGpwuQkIxc4Pp_uFEvM", "created_at": "2025-11-16T11:26:45.617Z", "expires_at": "2025-11-17T11:26:45Z"}}, {"model": "token_blacklist.outstandingtoken", "pk": 46, "fields": {"user": 2, "jti": "d9be277cc0e04e9298f4e8b90a6e37b1", "token": "eyJhbGciOiJIUzI1NiIsInR5cCI6IkpXVCJ9.eyJ0b2tlbl90eXBlIjoicmVmcmVzaCIsImV4cCI6MTc2MzM3ODgxMywiaWF0IjoxNzYzMjkyNDEzLCJqdGkiOiJkOWJlMjc3Y2MwZTA0ZTkyOThmNGU4YjkwYTZlMzdiMSIsInVzZXJfaWQiOiIyIn0.JS8iilJsKEOKclrV0SZikwbUFMPxjCcnPt5bneRVi8U", "created_at": "2025-11-16T11:26:53.123Z", "expires_at": "2025-11-17T11:26:53Z"}}, {"model": "token_blacklist.outstandingtoken", "pk": 47, "fields": {"user": 1, "jti": "cad83c22421e416699b681d9397a3fae", "token": "eyJhbGciOiJIUzI1NiIsInR5cCI6IkpXVCJ9.eyJ0b2tlbl90eXBlIjoicmVmcmVzaCIsImV4cCI6MTc2MzM4MDE2NCwiaWF0IjoxNzYzMjkzNzY0LCJqdGkiOiJjYWQ4M2MyMjQyMWU0MTY2OTliNjgxZDkzOTdhM2ZhZSIsInVzZXJfaWQiOiIxIn0.HmR7Sp7JwLEFu4jGPrpfztfgGTERUBv-Ay6XA3sHlH8", "created_at": "2025-11-16T11:49:24.171Z", "expires_at": "2025-11-17T11:49:24Z"}}, {"model": "token_blacklist.outstandingtoken", "pk": 48, "fields": {"user": 2, "jti": "ffb1978745404b9f838dea195f19c152", "token": "eyJhbGciOiJIUzI1NiIsInR5cCI6IkpXVCJ9.eyJ0b2tlbl90eXBlIjoicmVmcmVzaCIsImV4cCI6MTc2MzM4MDU0OCwiaWF0IjoxNzYzMjk0MTQ4LCJqdGkiOiJmZmIxOTc4NzQ1NDA0YjlmODM4ZGVhMTk1ZjE5YzE1MiIsInVzZXJfaWQiOiIyIn0.yG4nU1qiYRd-xSdsfKvFApWSnqiFK-ADsHFvumXk2TQ", "created_at": "2025-11-16T11:55:48.399Z", "expires_at": "2025-11-17T11:55:48Z"}}, {"model": "token_blacklist.outstandingtoken", "pk": 49, "fields": {"user": 1, "jti": "b7022cecfda4483492cd4af096f89b9b", "token": "eyJhbGciOiJIUzI1NiIsInR5cCI6IkpXVCJ9.eyJ0b2tlbl90eXBlIjoicmVmcmVzaCIsImV4cCI6MTc2MzM4NDExNCwiaWF0IjoxNzYzMjk3NzE0LCJqdGkiOiJiNzAyMmNlY2ZkYTQ0ODM0OTJjZDRhZjA5NmY4OWI5YiIsInVzZXJfaWQiOiIxIn0.qcY29XYg48x6ssVOZ3WZvk8sIwGTQrXCvZeJ-aCpf6g", "created_at": "2025-11-16T12:55:14.744Z", "expires_at": "2025-11-17T12:55:14Z"}}, {"model": "token_blacklist.outstandingtoken", "pk": 50, "fields": {"user": 1, "jti": "0ad122ccf4734ae4a01f7c607c6a0f80", "token": "eyJhbGciOiJIUzI1NiIsInR5cCI6IkpXVCJ9.eyJ0b2tlbl90eXBlIjoicmVmcmVzaCIsImV4cCI6MTc2MzM4NzE0MCwiaWF0IjoxNzYzMzAwNzQwLCJqdGkiOiIwYWQxMjJjY2Y0NzM0YWU0YTAxZjdjNjA3YzZhMGY4MCIsInVzZXJfaWQiOiIxIn0.xBbNFyemxCimQt93IdvOjRnH6L9td72XQdBc02VxgmE", "created_at": "2025-11-16T13:45:40.121Z", "expires_at": "2025-11-17T13:45:40Z"}}, {"model": "token_blacklist.outstandingtoken", "pk": 51, "fields": {"user": 2, "jti": "bfc3aefa52414138943b35af1a551725", "token": "eyJhbGciOiJIUzI1NiIsInR5cCI6IkpXVCJ9.eyJ0b2tlbl90eXBlIjoicmVmcmVzaCIsImV4cCI6MTc2MzM4ODY0OSwiaWF0IjoxNzYzMzAyMjQ5LCJqdGkiOiJiZmMzYWVmYTUyNDE0MTM4OTQzYjM1YWYxYTU1MTcyNSIsInVzZXJfaWQiOiIyIn0.NljZxYivMfaspoOCmBXahRJXduwsiZIyEVyvUjgpCPc", "created_at": "2025-11-16T14:10:49.862Z", "expires_at": "2025-11-17T14:10:49Z"}}, {"model": "token_blacklist.outstandingtoken", "pk": 52, "fields": {"user": 1, "jti": "67de7659352243ed96e1203a331944d4", "token": "eyJhbGciOiJIUzI1NiIsInR5cCI6IkpXVCJ9.eyJ0b2tlbl90eXBlIjoicmVmcmVzaCIsImV4cCI6MTc2MzQzNjEyNCwiaWF0IjoxNzYzMzQ5NzI0LCJqdGkiOiI2N2RlNzY1OTM1MjI0M2VkOTZlMTIwM2EzMzE5NDRkNCIsInVzZXJfaWQiOiIxIn0.q2sH49ZuhESdabek1MkDHBkQed7rYYzaMkNeRysMQdY", "created_at": "2025-11-17T03:22:04.107Z", "expires_at": "2025-11-18T03:22:04Z"}}, {"model": "token_blacklist.outstandingtoken", "pk": 53, "fields": {"user": 2, "jti": "e115f59d02714a60b469f1963498d72b", "token": "eyJhbGciOiJIUzI1NiIsInR5cCI6IkpXVCJ9.eyJ0b2tlbl90eXBlIjoicmVmcmVzaCIsImV4cCI6MTc2MzQzNjMxMSwiaWF0IjoxNzYzMzQ5OTExLCJqdGkiOiJlMTE1ZjU5ZDAyNzE0YTYwYjQ2OWYxOTYzNDk4ZDcyYiIsInVzZXJfaWQiOiIyIn0.dMQwZB6nOoz06bLSZuylGNMUvUy_ipZZPANyztgutu4", "created_at": "2025-11-17T03:25:11.826Z", "expires_at": "2025-11-18T03:25:11Z"}}, {"model": "token_blacklist.outstandingtoken", "pk": 54, "fields": {"user": 1, "jti": "e3a0363b48494b6fb8a0352ad07e2613", "token": "eyJhbGciOiJIUzI1NiIsInR5cCI6IkpXVCJ9.eyJ0b2tlbl90eXBlIjoicmVmcmVzaCIsImV4cCI6MTc2MzQzNjMzMiwiaWF0IjoxNzYzMzQ5OTMyLCJqdGkiOiJlM2EwMzYzYjQ4NDk0YjZmYjhhMDM1MmFkMDdlMjYxMyIsInVzZXJfaWQiOiIxIn0.nvXpQYIJy9YYZQgT6Y6epdQJwQ62wvUcl2lts93rIgY", "created_at": "2025-11-17T03:25:32.597Z", "expires_at": "2025-11-18T03:25:32Z"}}, {"model": "token_blacklist.blacklistedtoken", "pk": 1, "fields": {"token": 32, "blacklisted_at": "2025-11-16T07:06:09.634Z"}}, {"model": "token_blacklist.blacklistedtoken", "pk": 2, "fields": {"token": 35, "blacklisted_at": "2025-11-16T08:42:51.157Z"}}, {"model": "token_blacklist.blacklistedtoken", "pk": 3, "fields": {"token": 37, "blacklisted_at": "2025-11-16T08:45:04.598Z"}}, {"model": "token_blacklist.blacklistedtoken", "pk": 4, "fields": {"token": 38, "blacklisted_at": "2025-11-16T08:46:06.939Z"}}, {"model": "token_blacklist.blacklistedtoken", "pk": 5, "fields": {"token": 39, "blacklisted_at": "2025-11-16T08:46:18.025Z"}}, {"model": "token_blacklist.blacklistedtoken", "pk": 6, "fields": {"token": 40, "blacklisted_at": "2025-11-16T09:48:58.902Z"}}, {"model": "token_blacklist.blacklistedtoken", "pk": 7, "fields": {"token": 43, "blacklisted_at": "2025-11-16T10:49:02.061Z"}}, {"model": "token_blacklist.blacklistedtoken", "pk": 8, "fields": {"token": 44, "blacklisted_at": "2025-11-16T11:49:24.175Z"}}, {"model": "token_blacklist.blacklistedtoken", "pk": 9, "fields": {"token": 47, "blacklisted_at": "2025-11-16T12:55:14.749Z"}}, {"model": "token_blacklist.blacklistedtoken", "pk": 10, "fields": {"token": 48, "blacklisted_at": "2025-11-16T14:10:49.869Z"}}, {"model": "token_blacklist.blacklistedtoken", "pk": 11, "fields": {"token": 50, "blacklisted_at": "2025-11-17T03:22:04.110Z"}}, {"model": "timetable.department", "pk": 1, "fields": {"name": "IEP"}}, {"model": "timetable.department", "pk": 2, "fields": {"name": "ASH"}}, {"model": "timetable.department", "pk": 3, "fields": {"name": "ByteXL"}}, {"model": "timetable.department", "pk": 4, "fields": {"name": "CDC"}}, {"model": "timetable.subject", "pk": 1, "fields": {"name": "Design and Analysis of Algorithms", "code": "DAA101", "lectures_per_week": 3, "labs_per_week": 2, "department": 3}}, {"model": "timetable.subject", "pk": 2, "fields": {"name": "Theory of Computation", "code": "TOC101", "lectures_per_week": 3, "labs_per_week": 0, "department": 1}}, {"model": "timetable.subject", "pk": 3, "fields": {"name": "Software Engineering", "code": "SE101", "lectures_per_week": 3, "labs_per_week": 1, "department": 1}}, {"model": "timetable.subject", "pk": 4, "fields": {"name": "Professionalism and Corporate Ethics", "code": "PCE101", "lectures_per_week": 1, "labs_per_week": 0, "department": 4}}, {"model": "timetable.subject", "pk": 5, "fields": {"name": "Quant & Reasoning", "code": "QR101", "lectures_per_week": 2, "labs_per_week": 0, "department": 2}}, {"model": "timetable.subject", "pk": 6, "fields": {"name": "Enterprise Programming", "code": "ERP101", "lectures_per_week": 2, "labs_per_week": 1, "department": 3}}, {"model": "timetable.subject", "pk": 7, "fields": {"name": "Information and Network Security", "code": "INS101", "lectures_per_week": 3, "labs_per_week": 1, "department": 1}}, {"model": "timetable.subject", "pk": 8, "fields": {"name": "High Performance Computing", "code": "HPC101", "lectures_per_week": 3, "labs_per_week": 1, "department": 1}}, {"model": "timetable.subject", "pk": 9, "fields": {"name": "Software Testing and Quality Assurance", "code": "STQA101", "lectures_per_week": 3, "labs_per_week": 1, "department": 1}}, {"model": "timetable.subject", "pk": 10, "fields": {"name": "Cyber Physical Systems", "code": "CPS101", "lectures_per_week": 2, "labs_per_week": 0, "department": 1}}, {"model": "timetable.subject", "pk": 11, "fields": {"name": "BlockChain", "code": "BLC101", "lectures_per_week": 3, "labs_per_week": 1, "department": 1}}, {"model": "timetable.subject", "pk": 12, "fields": {"name": "Discrete Mathematics", "code": "DM101", "lectures_per_week": 3, "labs_per_week": 0, "department": 2}}, {"model": "timetable.subject", "pk": 13, "fields": {"name": "Professional Communication", "code": "PC101", "lectures_per_week": 1, "labs_per_week": 0, "department": 4}}, {"model": "timetable.subject", "pk": 14, "fields": {"name": "Data Structures in Python", "code": "DSP101", "lectures_per_week": 2, "labs_per_week": 2, "department": 3}}, {"model": "timetable.subject", "pk": 15, "fields": {"name": "Object Oriented Programming", "code": "OOP101", "lectures_per_week": 3, "labs_per_week": 1, "department": 1}}, {"model": "timetable.subject", "pk": 16, "fields": {"name": "Digital Logic Design", "code": "DLD101", "lectures_per_week": 3, "labs_per_week": 1, "department": 1}}, {"model": "timetable.teacher", "pk": 1, "fields": {"user": 2, "staff_id": "Viki101", "availability": "000000000000111111111111111111111111111111111111", "department": 1, "max_workload": 18}}, {"model": "timetable.teacher", "pk": 2, "fields": {"user": 3, "staff_id": "Chndra101", "availability": "000000000000111111111111111111111111111111111111", "department": 1, "max_workload": 18}}, {"model": "timetable.teacher", "pk": 3, "fields": {"user": 4, "staff_id": "Yash101", "availability": "000000000000111111111111111111111111111111111111", "department": 2, "max_workload": 18}}, {"model": "timetable.teacher", "pk": 4, "fields": {"user": 5, "staff_id": "Bumika101", "availability": "000000000000111111111111111111111111111111111111", "department": 2, "max_workload": 18}}, {"model": "timetable.teacher", "pk": 5, "fields": {"user": 6, "staff_id": "Akruti101", "availability": "000000000000111111111111111111111111111111111111", "department": 1, "max_workload": 18}}, {"model": "timetable.teacher", "pk": 6, "fields": {"user": 7, "staff_id": "Raj101", "availability": "000000000000111111111111111111111111111111111111", "department": 2, "max_workload": 18}}, {"model": "timetable.teacher", "pk": 7, "fields": {"user": 8, "staff_id": "Kanya101", "availability": "000000000000111111111111111111111111111111111111", "department": 1, "max_workload": 18}}, {"model": "timetable.teacher", "pk": 8, "fields": {"user": 9, "staff_id": "Prince101", "availability": "000000000000111111111111111111111111111111111111", "department": 1, "max_workload": 18}}, {"model": "timetable.teacher", "pk": 9, "fields": {"user": 10, "staff_id": "Anusha101", "availability": "000000000000111111111111111111111111111111111111", "department": 1, "max_workload": 18}}, {"model": "timetable.teacher", "pk": 10, "fields": {"user": 11, "staff_id": "Abhirup101", "availability": "000000000000111111111111111111111111111111111111", "department": 1, "max_workload": 18}}, {"model": "timetable.teacher", "pk": 11, "fields": {"user": 12, "staff_id": "Trainer101", "availability": "000000000000111111111111111111111111111111111111", "department": 3, "max_workload": 30}}, {"model": "timetable.teacher", "pk": 12, "fields": {"user": 13, "staff_id": "Trainer201", "availability": "000000000000111111111111111111111111111111111111", "department": 3, "max_workload": 30}}, {"model": "timetable.teacher", "pk": 13, "fields": {"user": 14, "staff_id": "CDCTrainer101", "availability": "000000000000111111111111111111111111111111111111", "department": 4, "max_workload": 18}}, {"model": "timetable.teacher", "pk": 14, "fields": {"user": 15, "staff_id": "MD101", "availability": "000000000000111111111111111111111111111111111111", "department": 2, "max_workload": 18}}, {"model": "timetable.teacher", "pk": 15, "fields": {"user": 16, "staff_id": "RS101", "availability": "000000000000111111111111111111111111111111111111", "department": 4, "max_workload": 18}}, {"model": "timetable.teacher", "pk": 16, "fields": {"user": 17, "staff_id": "Trainer301", "availability": "000000000000111111111111111111111111111111111111", "department": 3, "max_workload": 30}}, {"model": "timetable.teacher", "pk": 17, "fields": {"user": 18, "staff_id": "PS101", "availability": "000000000000111111111111111111111111111111111111", "department": 1, "max_workload": 18}}, {"model": "timetable.teacher", "pk": 18, "fields": {"user": 19, "staff_id": "AP101", "availability": "000000000000111111111111111111111111111111111111", "department": 1, "max_workload": 18}}, {"model": "timetable.teacher", "pk": 19, "fields": {"user": 20, "staff_id": "Trainer401", "availability": "000000000000111111111111111111111111111111111111", "department": 3, "max_workload": 30}}, {"model": "timetable.classroom", "pk": 1, "fields": {"number": "501", "availability": "111111111111111111111111111111111111111111111111"}}, {"model": "timetable.classroom", "pk": 2, "fields": {"number": "502", "availability": "111111111111111111111111111111111111111111111111"}}, {"model": "timetable.classroom", "pk": 3, "fields": {"number": "503", "availability": "111111111111111111111111111111111111111111111111"}}, {"model": "timetable.classroom", "pk": 4, "fields": {"number": "504", "availability": "111111111111111111111111111111111111111111111111"}}, {"model": "timetable.classroom", "pk": 5, "fields": {"number": "505", "availability": "111111111111111111111111111111111111111111111111"}}, {"model": "timetable.classroom", "pk": 6, "fields": {"number": "506", "availability": "111111111111111111111111111111111111111111111111"}}, {"model": "timetable.classroom", "pk": 7, "fields": {"number": "507", "availability": "111111111111111111111111111111111111111111111111"}}, {"model": "timetable.classroom", "pk": 18, "fields": {"number": "508", "availability": "111111111111111111111111111111111111111111111111"}}, {"model": "timetable.classroom", "pk": 19, "fields": {"number": "509", "availability": "111111111111111111111111111111111111111111111111"}}, {"model": "timetable.classroom", "pk": 27, "fields": {"number": "510", "availability": "111111111111111111111111111111111111111111111111"}}, {"model": "timetable.division", "pk": 1, "fields": {"name": "7IEP1", "semester": 7, "department": 1, "availability": "000000000000111011111011111011111011111011111011", "subjects": [7, 8, 9, 10, 11]}}, {"model": "timetable.division", "pk": 2, "fields": {"name": "7IEP2", "semester": 7, "department": 1, "availability": "000000000000111110111110111110111110111110111110", "subjects": [7, 8, 9, 10, 11]}}, {"model": "timetable.division", "pk": 3, "fields": {"name": "5MICRO1", "semester": 5, "department": 1, "availability": "000000000000111111111111111111111111111111111111", "subjects": [1, 2, 3, 4, 5, 6]}}, {"model": "timetable.division", "pk": 4, "fields": {"name": "5MICRO2", "semester": 5, "department": 1, "availability": "000000000000111111111111111111111111111111111111", "subjects": [1, 2, 3, 4, 5, 6]}}, {"model": "timetable.division", "pk": 5, "fields": {"name": "5ORACLE1", "semester": 5, "department": 1, "availability": "000000000000111111111111111111111111111111111111", "subjects": [1, 2, 3, 4, 5, 6]}}, {"model": "timetable.division", "pk": 6, "fields": {"name": "5QUICKHEAL1", "semester": 5, "department": 1, "availability": "000000000000111111111111111111111111111111111111", "subjects": [1, 2, 3, 4, 5, 6]}}, {"model": "timetable.division", "pk": 7, "fields": {"name": "5SAP1", "semester": 5, "department": 1, "availability": "000000000000111111111111111111111111111111111111", "subjects": [1, 2, 3, 4, 5, 6]}}, {"model": "timetable.division", "pk": 10, "fields": {"name": "3MICRO1", "semester": 3, "department": 1, "availability": "000000000000111111111111111111111111111111111111", "subjects": [12, 13, 14, 15, 16]}}, {"model": "timetable.division", "pk": 11, "fields": {"name": "3ORACLE1", "semester": 3, "department": 1, "availability": "000000000000111111111111111111111111111111111111", "subjects": [12, 13, 14, 15, 16]}}, {"model": "timetable.division", "pk": 12, "fields": {"name": "5IEP1", "semester": 5, "department": 1, "availability": "000000000000111111111111111111111111111111111111", "subjects": [1, 2, 3, 4, 5, 6]}}, {"model": "timetable.division", "pk": 13, "fields": {"name": "5IEP2", "semester": 5, "department": 1, "availability": "000000000000111111111111111111111111111111111111", "subjects": [1, 2, 3, 4, 5, 6]}}, {"model": "timetable.division", "pk": 14, "fields": {"name": "3QUICKHEAL1", "semester": 3, "department": 1, "availability": "000000000000111111111111111111111111111111111111", "subjects": [12, 13, 14, 15, 16]}}, {"model": "timetable.division", "pk": 18, "fields": {"name": "3SAP1", "semester": 3, "department": 1, "availability": "000000000000111111111111111111111111111111111111", "subjects": [12, 13, 14, 15, 16]}}, {"model": "timetable.preference", "pk": 1, "fields": {"subject": 2, "teacher": 1, "score": 5, "created_at": "2025-10-13T05:32:42.710Z", "updated_at": "2025-11-16T14:11:04.928Z"}}, {"model": "timetable.preference", "pk": 2, "fields": {"subject": 3, "teacher": 1, "score": 5, "created_at": "2025-10-13T05:32:42.710Z", "updated_at": "2025-11-16T14:11:04.928Z"}}, {"model": "timetable.preference", "pk": 3, "fields": {"subject": 7, "teacher": 1, "score": 5, "created_at": "2025-10-13T05:32:42.710Z", "updated_at": "2025-11-16T14:11:04.928Z"}}, {"model": "timetable.preference", "pk": 4, "fields": {"subject": 8, "teacher": 1, "score": 5, "created_at": "2025-10-13T05:32:42.710Z", "updated_at": "2025-11-16T14:11:04.928Z"}}, {"model": "timetable.preference", "pk": 5, "fields": {"subject": 9, "teacher": 1, "score": 5, "created_at": "2025-10-13T05:32:42.710Z", "updated_at": "2025-11-16T14:11:04.928Z"}}, {"model": "timetable.preference", "pk": 6, "fields": {"subject": 10, "teacher": 1, "score": 5, "created_at": "2025-10-13T05:32:42.710Z", "updated_at": "2025-11-16T14:11:04.928Z"}}, {"model": "timetable.preference", "pk": 7, "fields": {"subject": 11, "teacher": 1, "score": 4, "created_at": "2025-10-13T05:32:42.710Z", "updated_at": "2025-11-16T14:11:04.928Z"}}, {"model": "timetable.preference", "pk": 8, "fields": {"subject": 2, "teacher": 2, "score": 5, "created_at": "2025-10-13T05:32:42.710Z", "updated_at": "2025-11-16T11:38:39.086Z"}}, {"model": "timetable.preference", "pk": 9, "fields": {"subject": 3, "teacher": 2, "score": 9, "created_at": "2025-10-13T05:32:42.710Z", "updated_at": "2025-11-16T11:38:39.086Z"}}, {"model": "timetable.preference", "pk": 10, "fields": {"subject": 7, "teacher": 2, "score": 7, "created_at": "2025-10-13T05:32:42.710Z", "updated_at": "2025-11-16T11:38:39.086Z"}}, {"model": "timetable.preference", "pk": 11, "fields": {"subject": 8, "teacher": 2, "score": 1, "created_at": "2025-10-13T05:32:42.710Z", "updated_at": "2025-11-16T11:38:39.086Z"}}, {"model": "timetable.preference", "pk": 12, "fields": {"subject": 9, "teacher": 2, "score": 4, "created_at": "2025-10-13T05:32:42.710Z", "updated_at": "2025-11-16T11:38:39.086Z"}}, {"model": "timetable.preference", "pk": 13, "fields": {"subject": 10, "teacher": 2, "score": 10, "created_at": "2025-10-13T05:32:42.710Z", "updated_at": "2025-11-16T11:38:39.086Z"}}, {"model": "timetable.preference", "pk": 14, "fields": {"subject": 11, "teacher": 2, "score": 8, "created_at": "2025-10-13T05:32:42.710Z", "updated_at": "2025-11-16T11:38:39.086Z"}}, {"model": "timetable.preference", "pk": 15, "fields": {"subject": 5, "teacher": 3, "score": 6, "created_at": "2025-10-13T05:32:42.710Z", "updated_at": "2025-11-16T11:38:39.086Z"}}, {"model": "timetable.preference", "pk": 16, "fields": {"subject": 5, "teacher": 4, "score": 8, "created_at": "2025-10-13T05:32:42.710Z", "updated_at": "2025-11-16T11:38:39.086Z"}}, {"model": "timetable.preference", "pk": 17, "fields": {"subject": 5, "teacher": 6, "score": 7, "created_at": "2025-10-13T05:32:42.710Z", "updated_at": "2025-11-16T11:38:39.086Z"}}, {"model": "timetable.preference", "pk": 18, "fields": {"subject": 2, "teacher": 5, "score": 4, "created_at": "2025-10-13T05:32:42.710Z", "updated_at": "2025-11-16T11:38:39.086Z"}}, {"model": "timetable.preference", "pk": 19, "fields": {"subject": 3, "teacher": 5, "score": 6, "created_at": "2025-10-13T05:32:42.710Z", "updated_at": "2025-11-16T11:38:39.086Z"}}, {"model": "timetable.preference", "pk": 20, "fields": {"subject": 7, "teacher": 5, "score": 9, "created_at": "2025-10-13T05:32:42.710Z", "updated_at": "2025-11-16T11:38:39.086Z"}}, {"model": "timetable.preference", "pk": 21, "fields": {"subject": 8, "teacher": 5, "score": 7, "created_at": "2025-10-13T05:32:42.710Z", "updated_at": "2025-11-16T11:38:39.086Z"}}, {"model": "timetable.preference", "pk": 22, "fields": {"subject": 9, "teacher": 5, "score": 1, "created_at": "2025-10-13T05:32:42.710Z", "updated_at": "2025-11-16T11:38:39.086Z"}}, {"model": "timetable.preference", "pk": 23, "fields": {"subject": 10, "teacher": 5, "score": 8, "created_at": "2025-10-13T05:32:42.710Z", "updated_at": "2025-11-16T11:38:39.086Z"}}, {"model": "timetable.preference", "pk": 24, "fields": {"subject": 11, "teacher": 5, "score": 10, "created_at": "2025-10-13T05:32:42.710Z", "updated_at": "2025-11-16T11:38:39.086Z"}}, {"model": "timetable.preference", "pk": 25, "fields": {"subject": 2, "teacher": 7, "score": 10, "created_at": "2025-10-13T05:32:42.710Z", "updated_at": "2025-11-16T11:38:39.086Z"}}, {"model": "timetable.preference", "pk": 26, "fields": {"subject": 3, "teacher": 7, "score": 2, "created_at": "2025-10-13T05:32:42.710Z", "updated_at": "2025-11-16T11:38:39.086Z"}}, {"model": "timetable.preference", "pk": 27, "fields": {"subject": 7, "teacher": 7, "score": 3, "created_at": "2025-10-13T05:32:42.710Z", "updated_at": "2025-11-16T11:38:39.086Z"}}, {"model": "timetable.preference", "pk": 28, "fields": {"subject": 8, "teacher": 7, "score": 9, "created_at": "2025-10-13T05:32:42.710Z", "updated_at": "2025-11-16T11:38:39.086Z"}}, {"model": "timetable.preference", "pk": 29, "fields": {"subject": 9, "teacher": 7, "score": 5, "created_at": "2025-10-13T05:32:42.710Z", "updated_at": "2025-11-16T11:38:39.086Z"}}, {"model": "timetable.preference", "pk": 30, "fields": {"subject": 10, "teacher": 7, "score": 7, "created_at": "2025-10-13T05:32:42.710Z", "updated_at": "2025-11-16T11:38:39.086Z"}}, {"model": "timetable.preference", "pk": 31, "fields": {"subject": 11, "teacher": 7, "score": 6, "created_at": "2025-10-13T05:32:42.710Z", "updated_at": "2025-11-16T11:38:39.086Z"}}, {"model": "timetable.preference", "pk": 32, "fields": {"subject": 2, "teacher": 8, "score": 8, "created_at": "2025-10-13T05:32:42.710Z", "updated_at": "2025-11-16T11:38:39.086Z"}}, {"model": "timetable.preference", "pk": 33, "fields": {"subject": 3, "teacher": 8, "score": 10, "created_at": "2025-10-13T05:32:42.710Z", "updated_at": "2025-11-16T11:38:39.086Z"}}, {"model": "timetable.preference", "pk": 34, "fields": {"subject": 7, "teacher": 8, "score": 6, "created_at": "2025-10-13T05:32:42.710Z", "updated_at": "2025-11-16T11:38:39.086Z"}}, {"model": "timetable.preference", "pk": 35, "fields": {"subject": 8, "teacher": 8, "score": 5, "created_at": "2025-10-13T05:32:42.710Z", "updated_at": "2025-11-16T11:38:39.086Z"}}, {"model": "timetable.preference", "pk": 36, "fields": {"subject": 9, "teacher": 8, "score": 4, "created_at": "2025-10-13T05:32:42.710Z", "updated_at": "2025-11-16T11:38:39.086Z"}}, {"model": "timetable.preference", "pk": 37, "fields": {"subject": 10, "teacher": 8, "score": 2, "created_at": "2025-10-13T05:32:42.710Z", "updated_at": "2025-11-16T11:38:39.086Z"}}, {"model": "timetable.preference", "pk": 38, "fields": {"subject": 11, "teacher": 8, "score": 9, "created_at": "2025-10-13T05:32:42.710Z", "updated_at": "2025-11-16T11:38:39.086Z"}}, {"model": "timetable.preference", "pk": 39, "fields": {"subject": 2, "teacher": 9, "score": 5, "created_at": "2025-10-13T05:32:42.710Z", "updated_at": "2025-11-16T11:38:39.086Z"}}, {"model": "timetable.preference", "pk": 40, "fields": {"subject": 3, "teacher": 9, "score": 7, "created_at": "2025-10-13T05:32:42.710Z", "updated_at": "2025-11-16T11:38:39.086Z"}}, {"model": "timetable.preference", "pk": 41, "fields": {"subject": 7, "teacher": 9, "score": 3, "created_at": "2025-10-13T05:32:42.710Z", "updated_at": "2025-11-16T11:38:39.086Z"}}, {"model": "timetable.preference", "pk": 42, "fields": {"subject": 8, "teacher": 9, "score": 8, "created_at": "2025-10-13T05:32:42.710Z", "updated_at": "2025-11-16T11:38:39.086Z"}}, {"model": "timetable.preference", "pk": 43, "fields": {"subject": 9, "teacher": 9, "score": 6, "created_at": "2025-10-13T05:32:42.710Z", "updated_at": "2025-11-16T11:38:39.086Z"}}, {"model": "timetable.preference", "pk": 44, "fields": {"subject": 10, "teacher": 9, "score": 9, "created_at": "2025-10-13T05:32:42.710Z", "updated_at": "2025-11-16T11:38:39.086Z"}}, {"model": "timetable.preference", "pk": 45, "fields": {"subject": 11, "teacher": 9, "score": 10, "created_at": "2025-10-13T05:32:42.710Z", "updated_at": "2025-11-16T11:38:39.086Z"}}, {"model": "timetable.preference", "pk": 46, "fields": {"subject": 2, "teacher": 10, "score": 9, "created_at": "2025-10-13T05:32:42.710Z", "updated_at": "2025-11-16T11:38:39.086Z"}}, {"model": "timetable.preference", "pk": 47, "fields": {"subject": 3, "teacher": 10, "score": 5, "created_at": "2025-10-13T05:32:42.710Z", "updated_at": "2025-11-16T11:38:39.086Z"}}, {"model": "timetable.preference", "pk": 48, "fields": {"subject": 7, "teacher": 10, "score": 7, "created_at": "2025-10-13T05:32:42.710Z", "updated_at": "2025-11-16T11:38:39.086Z"}}, {"model": "timetable.preference", "pk": 49, "fields": {"subject": 8, "teacher": 10, "score": 8, "created_at": "2025-10-13T05:32:42.710Z", "updated_at": "2025-11-16T11:38:39.086Z"}}, {"model": "timetable.preference", "pk": 50, "fields": {"subject": 9, "teacher": 10, "score": 2, "created_at": "2025-10-13T05:32:42.710Z", "updated_at": "2025-11-16T11:38:39.086Z"}}, {"model": "timetable.preference", "pk": 51, "fields": {"subject": 10, "teacher": 10, "score": 4, "created_at": "2025-10-13T05:32:42.710Z", "updated_at": "2025-11-16T11:38:39.086Z"}}, {"model": "timetable.preference", "pk": 52, "fields": {"subject": 11, "teacher": 10, "score": 10, "created_at": "2025-10-13T05:32:42.710Z", "updated_at": "2025-11-16T11:38:39.086Z"}}, {"model": "timetable.preference", "pk": 53, "fields": {"subject": 1, "teacher": 11, "score": 10, "created_at": "2025-10-13T05:32:42.710Z", "updated_at": "2025-11-16T11:38:39.086Z"}}, {"model": "timetable.preference", "pk": 54, "fields": {"subject": 6, "teacher": 11, "score": 7, "created_at": "2025-10-13T05:32:42.710Z", "updated_at": "2025-11-16T11:38:39.086Z"}}, {"model": "timetable.preference", "pk": 55, "fields": {"subject": 1, "teacher": 12, "score": 4, "created_at": "2025-10-13T05:32:42.710Z", "updated_at": "2025-11-16T11:38:39.086Z"}}, {"model": "timetable.preference", "pk": 56, "fields": {"subject": 6, "teacher": 12, "score": 8, "created_at": "2025-10-13T05:32:42.710Z", "updated_at": "2025-11-16T11:38:39.086Z"}}, {"model": "timetable.preference", "pk": 57, "fields": {"subject": 4, "teacher": 13, "score": 9, "created_at": "2025-10-13T05:32:42.710Z", "updated_at": "2025-11-16T11:38:39.086Z"}}, {"model": "timetable.preference", "pk": 58, "fields": {"subject": 12, "teacher": 14, "score": 9, "created_at": "2025-10-14T05:32:42.710Z", "updated_at": "2025-11-16T11:38:39.086Z"}}, {"model": "timetable.preference", "pk": 59, "fields": {"subject": 5, "teacher": 14, "score": 7, "created_at": "2025-10-14T05:32:42.710Z", "updated_at": "2025-11-16T11:38:39.086Z"}}, {"model": "timetable.preference", "pk": 60, "fields": {"subject": 13, "teacher": 15, "score": 10, "created_at": "2025-10-14T05:32:42.710Z", "updated_at": "2025-11-16T11:38:39.086Z"}}, {"model": "timetable.preference", "pk": 61, "fields": {"subject": 4, "teacher": 15, "score": 8, "created_at": "2025-10-14T05:32:42.710Z", "updated_at": "2025-11-16T11:38:39.086Z"}}, {"model": "timetable.preference", "pk": 62, "fields": {"subject": 14, "teacher": 16, "score": 10, "created_at": "2025-10-14T05:32:42.710Z", "updated_at": "2025-11-16T11:38:39.086Z"}}, {"model": "timetable.preference", "pk": 63, "fields": {"subject": 1, "teacher": 16, "score": 6, "created_at": "2025-10-14T05:32:42.710Z", "updated_at": "2025-11-16T11:38:39.086Z"}}, {"model": "timetable.preference", "pk": 64, "fields": {"subject": 6, "teacher": 16, "score": 7, "created_at": "2025-10-14T05:32:42.710Z", "updated_at": "2025-11-16T11:38:39.086Z"}}, {"model": "timetable.preference", "pk": 65, "fields": {"subject": 15, "teacher": 17, "score": 9, "created_at": "2025-10-14T05:32:42.710Z", "updated_at": "2025-11-16T11:38:39.086Z"}}, {"model": "timetable.preference", "pk": 66, "fields": {"subject": 16, "teacher": 17, "score": 8, "created_at": "2025-10-14T05:32:42.710Z", "updated_at": "2025-11-16T11:38:39.086Z"}}, {"model": "timetable.preference", "pk": 67, "fields": {"subject": 3, "teacher": 17, "score": 7, "created_at": "2025-10-14T05:32:42.710Z", "updated_at": "2025-11-16T11:38:39.086Z"}}, {"model": "timetable.preference", "pk": 68, "fields": {"subject": 16, "teacher": 18, "score": 10, "created_at": "2025-10-14T05:32:42.710Z", "updated_at": "2025-11-16T11:38:39.086Z"}}, {"model": "timetable.preference", "pk": 69, "fields": {"subject": 15, "teacher": 18, "score": 6, "created_at": "2025-10-14T05:32:42.710Z", "updated_at": "2025-11-16T11:38:39.086Z"}}, {"model": "timetable.preference", "pk": 70, "fields": {"subject": 2, "teacher": 18, "score": 8, "created_at": "2025-10-14T05:32:42.710Z", "updated_at": "2025-11-16T11:38:39.086Z"}}, {"model": "timetable.preference", "pk": 71, "fields": {"subject": 14, "teacher": 19, "score": 10, "created_at": "2025-10-15T16:44:26.313Z", "updated_at": "2025-11-16T11:38:39.086Z"}}, {"model": "timetable.preference", "pk": 72, "fields": {"subject": 15, "teacher": 1, "score": 5, "created_at": "2025-11-14T05:00:08.927Z", "updated_at": "2025-11-16T14:11:04.928Z"}}, {"model": "timetable.preference", "pk": 73, "fields": {"subject": 16, "teacher": 1, "score": 6, "created_at": "2025-11-14T05:00:08.928Z", "updated_at": "2025-11-16T14:11:04.928Z"}}, {"model": "timetable.timetable", "pk": 63, "fields": {"created_at": "2025-11-16T13:18:21.889Z"}}, {"model": "timetable.timetable", "pk": 65, "fields": {"created_at": "2025-11-16T14:05:15.242Z"}}, {"model": "timetable.timetable", "pk": 66, "fields": {"created_at": "2025-11-16T14:12:14.332Z"}}, {"model": "timetable.timetableentry", "pk": 12099, "fields": {"division": 12, "subject": 1, "teacher": 11, "classroom": 2, "time_slot": 47, "session_type": "Lecture", "generated": true, "timetable": 63}}, {"model": "timetable.timetableentry", "pk": 12100, "fields": {"division": 4, "subject": 3, "teacher": 2, "classroom": 7, "time_slot": 39, "session_type": "Lab", "generated": true, "timetable": 63}}, {"model": "timetable.timetableentry", "pk": 12101, "fields": {"division": 6, "subject": 2, "teacher": 7, "classroom": 19, "time_slot": 37, "session_type": "Lecture", "generated": true, "timetable": 63}}, {"model": "timetable.timetableentry", "pk": 12102, "fields": {"division": 4, "subject": 1, "teacher": 16, "classroom": 3, "time_slot": 41, "session_type": "Lecture", "generated": true, "timetable": 63}}, {"model": "timetable.timetableentry", "pk": 12103, "fields": {"division": 5, "subject": 1, "teacher": 11, "classroom": 2, "time_slot": 41, "session_type": "Lecture", "generated": true, "timetable": 63}}, {"model": "timetable.timetableentry", "pk": 12104, "fields": {"division": 14, "subject": 15, "teacher": 17, "classroom": 19, "time_slot": 38, "session_type": "Lecture", "generated": true, "timetable": 63}}, {"model": "timetable.timetableentry", "pk": 12105, "fields": {"division": 7, "subject": 6, "teacher": 12, "classroom": 1, "time_slot": 41, "session_type": "Lab", "generated": true, "timetable": 63}}, {"model": "timetable.timetableentry", "pk": 12106, "fields": {"division": 2, "subject": 9, "teacher": 1, "classroom": 18, "time_slot": 38, "session_type": "Lab", "generated": true, "timetable": 63}}, {"model": "timetable.timetableentry", "pk": 12107, "fields": {"division": 4, "subject": 2, "teacher": 7, "classroom": 18, "time_slot": 35, "session_type": "Lecture", "generated": true, "timetable": 63}}, {"model": "timetable.timetableentry", "pk": 12108, "fields": {"division": 10, "subject": 12, "teacher": 14, "classroom": 6, "time_slot": 39, "session_type": "Lecture", "generated": true, "timetable": 63}}, {"model": "timetable.timetableentry", "pk": 12109, "fields": {"division": 18, "subject": 14, "teacher": 16, "classroom": 4, "time_slot": 40, "session_type": "Lab", "generated": true, "timetable": 63}}, {"model": "timetable.timetableentry", "pk": 12110, "fields": {"division": 12, "subject": 2, "teacher": 7, "classroom": 5, "time_slot": 39, "session_type": "Lecture", "generated": true, "timetable": 63}}, {"model": "timetable.timetableentry", "pk": 12111, "fields": {"division": 3, "subject": 6, "teacher": 12, "classroom": 4, "time_slot": 39, "session_type": "Lecture", "generated": true, "timetable": 63}}, {"model": "timetable.timetableentry", "pk": 12112, "fields": {"division": 11, "subject": 14, "teacher": 19, "classroom": 3, "time_slot": 40, "session_type": "Lab", "generated": true, "timetable": 63}}, {"model": "timetable.timetableentry", "pk": 12113, "fields": {"division": 7, "subject": 1, "teacher": 11, "classroom": 1, "time_slot": 46, "session_type": "Lecture", "generated": true, "timetable": 63}}, {"model": "timetable.timetableentry", "pk": 12114, "fields": {"division": 13, "subject": 1, "teacher": 16, "classroom": 3, "time_slot": 39, "session_type": "Lab", "generated": true, "timetable": 63}}, {"model": "timetable.timetableentry", "pk": 12115, "fields": {"division": 11, "subject": 12, "teacher": 14, "classroom": 7, "time_slot": 38, "session_type": "Lecture", "generated": true, "timetable": 63}}, {"model": "timetable.timetableentry", "pk": 12116, "fields": {"division": 6, "subject": 5, "teacher": 4, "classroom": 6, "time_slot": 35, "session_type": "Lecture", "generated": true, "timetable": 63}}, {"model": "timetable.timetableentry", "pk": 12117, "fields": {"division": 6, "subject": 3, "teacher": 9, "classroom": 19, "time_slot": 34, "session_type": "Lecture", "generated": true, "timetable": 63}}, {"model": "timetable.timetableentry", "pk": 12118, "fields": {"division": 10, "subject": 15, "teacher": 17, "classroom": 18, "time_slot": 37, "session_type": "Lab", "generated": true, "timetable": 63}}, {"model": "timetable.timetableentry", "pk": 12119, "fields": {"division": 5, "subject": 1, "teacher": 11, "classroom": 2, "time_slot": 39, "session_type": "Lab", "generated": true, "timetable": 63}}, {"model": "timetable.timetableentry", "pk": 12120, "fields": {"division": 11, "subject": 15, "teacher": 1, "classroom": 1, "time_slot": 39, "session_type": "Lab", "generated": true, "timetable": 63}}, {"model": "timetable.timetableentry", "pk": 12121, "fields": {"division": 3, "subject": 6, "teacher": 12, "classroom": 6, "time_slot": 38, "session_type": "Lecture", "generated": true, "timetable": 63}}, {"model": "timetable.timetableentry", "pk": 12122, "fields": {"division": 18, "subject": 16, "teacher": 18, "classroom": 5, "time_slot": 38, "session_type": "Lecture", "generated": true, "timetable": 63}}, {"model": "timetable.timetableentry", "pk": 12123, "fields": {"division": 10, "subject": 16, "teacher": 1, "classroom": 19, "time_slot": 36, "session_type": "Lecture", "generated": true, "timetable": 63}}, {"model": "timetable.timetableentry", "pk": 12124, "fields": {"division": 11, "subject": 16, "teacher": 18, "classroom": 19, "time_slot": 32, "session_type": "Lecture", "generated": true, "timetable": 63}}, {"model": "timetable.timetableentry", "pk": 12125, "fields": {"division": 4, "subject": 1, "teacher": 16, "classroom": 4, "time_slot": 38, "session_type": "Lab", "generated": true, "timetable": 63}}, {"model": "timetable.timetableentry", "pk": 12126, "fields": {"division": 2, "subject": 7, "teacher": 5, "classroom": 18, "time_slot": 32, "session_type": "Lecture", "generated": true, "timetable": 63}}, {"model": "timetable.timetableentry", "pk": 12127, "fields": {"division": 11, "subject": 15, "teacher": 1, "classroom": 5, "time_slot": 35, "session_type": "Lecture", "generated": true, "timetable": 63}}, {"model": "timetable.timetableentry", "pk": 12128, "fields": {"division": 2, "subject": 9, "teacher": 1, "classroom": 19, "time_slot": 30, "session_type": "Lecture", "generated": true, "timetable": 63}}, {"model": "timetable.timetableentry", "pk": 12129, "fields": {"division": 1, "subject": 10, "teacher": 2, "classroom": 2, "time_slot": 40, "session_type": "Lecture", "generated": true, "timetable": 63}}, {"model": "timetable.timetableentry", "pk": 12130, "fields": {"division": 18, "subject": 14, "teacher": 16, "classroom": 7, "time_slot": 37, "session_type": "Lecture", "generated": true, "timetable": 63}}, {"model": "timetable.timetableentry", "pk": 12131, "fields": {"division": 5, "subject": 6, "teacher": 12, "classroom": 6, "time_slot": 37, "session_type": "Lecture", "generated": true, "timetable": 63}}, {"model": "timetable.timetableentry", "pk": 12132, "fields": {"division": 2, "subject": 11, "teacher": 10, "classroom": 5, "time_slot": 37, "session_type": "Lecture", "generated": true, "timetable": 63}}, {"model": "timetable.timetableentry", "pk": 12133, "fields": {"division": 12, "subject": 2, "teacher": 7, "classroom": 3, "time_slot": 38, "session_type": "Lecture", "generated": true, "timetable": 63}}, {"model": "timetable.timetableentry", "pk": 12134, "fields": {"division": 13, "subject": 3, "teacher": 8, "classroom": 4, "time_slot": 35, "session_type": "Lecture", "generated": true, "timetable": 63}}, {"model": "timetable.timetableentry", "pk": 12135, "fields": {"division": 7, "subject": 1, "teacher": 11, "classroom": 1, "time_slot": 44, "session_type": "Lecture", "generated": true, "timetable": 63}}, {"model": "timetable.timetableentry", "pk": 12136, "fields": {"division": 2, "subject": 8, "teacher": 10, "classroom": 18, "time_slot": 36, "session_type": "Lab", "generated": true, "timetable": 63}}, {"model": "timetable.timetableentry", "pk": 12137, "fields": {"division": 1, "subject": 10, "teacher": 2, "classroom": 3, "time_slot": 35, "session_type": "Lecture", "generated": true, "timetable": 63}}, {"model": "timetable.timetableentry", "pk": 12138, "fields": {"division": 6, "subject": 1, "teacher": 11, "classroom": 1, "time_slot": 40, "session_type": "Lecture", "generated": true, "timetable": 63}}, {"model": "timetable.timetableentry", "pk": 12139, "fields": {"division": 7, "subject": 2, "teacher": 1, "classroom": 18, "time_slot": 34, "session_type": "Lecture", "generated": true, "timetable": 63}}, {"model": "timetable.timetableentry", "pk": 12140, "fields": {"division": 1, "subject": 9, "teacher": 9, "classroom": 4, "time_slot": 37, "session_type": "Lab", "generated": true, "timetable": 63}}, {"model": "timetable.timetableentry", "pk": 12141, "fields": {"division": 4, "subject": 3, "teacher": 2, "classroom": 7, "time_slot": 32, "session_type": "Lecture", "generated": true, "timetable": 63}}, {"model": "timetable.timetableentry", "pk": 12142, "fields": {"division": 3, "subject": 2, "teacher": 7, "classroom": 7, "time_slot": 36, "session_type": "Lecture", "generated": true, "timetable": 63}}, {"model": "timetable.timetableentry", "pk": 12143, "fields": {"division": 14, "subject": 16, "teacher": 18, "classroom": 6, "time_slot": 34, "session_type": "Lecture", "generated": true, "timetable": 63}}, {"model": "timetable.timetableentry", "pk": 12144, "fields": {"division": 3, "subject": 2, "teacher": 7, "classroom": 5, "time_slot": 34, "session_type": "Lecture", "generated": true, "timetable": 63}}, {"model": "timetable.timetableentry", "pk": 12145, "fields": {"division": 1, "subject": 7, "teacher": 5, "classroom": 4, "time_slot": 34, "session_type": "Lecture", "generated": true, "timetable": 63}}, {"model": "timetable.timetableentry", "pk": 12146, "fields": {"division": 12, "subject": 1, "teacher": 11, "classroom": 3, "time_slot": 37, "session_type": "Lab", "generated": true, "timetable": 63}}, {"model": "timetable.timetableentry", "pk": 12147, "fields": {"division": 12, "subject": 6, "teacher": 12, "classroom": 18, "time_slot": 30, "session_type": "Lecture", "generated": true, "timetable": 63}}, {"model": "timetable.timetableentry", "pk": 12148, "fields": {"division": 13, "subject": 2, "teacher": 7, "classroom": 19, "time_slot": 33, "session_type": "Lecture", "generated": true, "timetable": 63}}, {"model": "timetable.timetableentry", "pk": 12149, "fields": {"division": 13, "subject": 5, "teacher": 4, "classroom": 4, "time_slot": 30, "session_type": "Lecture", "generated": true, "timetable": 63}}, {"model": "timetable.timetableentry", "pk": 12150, "fields": {"division": 11, "subject": 16, "teacher": 18, "classroom": 2, "time_slot": 37, "session_type": "Lab", "generated": true, "timetable": 63}}, {"model": "timetable.timetableentry", "pk": 12151, "fields": {"division": 12, "subject": 5, "teacher": 4, "classroom": 19, "time_slot": 29, "session_type": "Lecture", "generated": true, "timetable": 63}}, {"model": "timetable.timetableentry", "pk": 12152, "fields": {"division": 14, "subject": 12, "teacher": 14, "classroom": 18, "time_slot": 33, "session_type": "Lecture", "generated": true, "timetable": 63}}, {"model": "timetable.timetableentry", "pk": 12153, "fields": {"division": 18, "subject": 16, "teacher": 18, "classroom": 18, "time_slot": 29, "session_type": "Lecture", "generated": true, "timetable": 63}}, {"model": "timetable.timetableentry", "pk": 12154, "fields": {"division": 2, "subject": 11, "teacher": 10, "classroom": 2, "time_slot": 34, "session_type": "Lecture", "generated": true, "timetable": 63}}, {"model": "timetable.timetableentry", "pk": 12155, "fields": {"division": 14, "subject": 16, "teacher": 18, "classroom": 6, "time_slot": 36, "session_type": "Lab", "generated": true, "timetable": 63}}, {"model": "timetable.timetableentry", "pk": 12156, "fields": {"division": 3, "subject": 3, "teacher": 8, "classroom": 1, "time_slot": 37, "session_type": "Lecture", "generated": true, "timetable": 63}}, {"model": "timetable.timetableentry", "pk": 12157, "fields": {"division": 10, "subject": 15, "teacher": 17, "classroom": 6, "time_slot": 32, "session_type": "Lecture", "generated": true, "timetable": 63}}, {"model": "timetable.timetableentry", "pk": 12158, "fields": {"division": 12, "subject": 3, "teacher": 2, "classroom": 7, "time_slot": 31, "session_type": "Lecture", "generated": true, "timetable": 63}}, {"model": "timetable.timetableentry", "pk": 12159, "fields": {"division": 11, "subject": 14, "teacher": 19, "classroom": 5, "time_slot": 36, "session_type": "Lab", "generated": true, "timetable": 63}}, {"model": "timetable.timetableentry", "pk": 12160, "fields": {"division": 3, "subject": 4, "teacher": 13, "classroom": 6, "time_slot": 33, "session_type": "Lecture", "generated": true, "timetable": 63}}, {"model": "timetable.timetableentry", "pk": 12161, "fields": {"division": 2, "subject": 7, "teacher": 5, "classroom": 19, "time_slot": 28, "session_type": "Lecture", "generated": true, "timetable": 63}}, {"model": "timetable.timetableentry", "pk": 12162, "fields": {"division": 5, "subject": 6, "teacher": 12, "classroom": 4, "time_slot": 36, "session_type": "Lab", "generated": true, "timetable": 63}}, {"model": "timetable.timetableentry", "pk": 12163, "fields": {"division": 5, "subject": 3, "teacher": 8, "classroom": 19, "time_slot": 27, "session_type": "Lecture", "generated": true, "timetable": 63}}, {"model": "timetable.timetableentry", "pk": 12164, "fields": {"division": 3, "subject": 2, "teacher": 7, "classroom": 2, "time_slot": 31, "session_type": "Lecture", "generated": true, "timetable": 63}}, {"model": "timetable.timetableentry", "pk": 12165, "fields": {"division": 13, "subject": 1, "teacher": 16, "classroom": 1, "time_slot": 34, "session_type": "Lecture", "generated": true, "timetable": 63}}, {"model": "timetable.timetableentry", "pk": 12166, "fields": {"division": 12, "subject": 3, "teacher": 2, "classroom": 18, "time_slot": 28, "session_type": "Lecture", "generated": true, "timetable": 63}}, {"model": "timetable.timetableentry", "pk": 12167, "fields": {"division": 3, "subject": 6, "teacher": 12, "classroom": 7, "time_slot": 29, "session_type": "Lab", "generated": true, "timetable": 63}}, {"model": "timetable.timetableentry", "pk": 12168, "fields": {"division": 10, "subject": 12, "teacher": 14, "classroom": 6, "time_slot": 29, "session_type": "Lecture", "generated": true, "timetable": 63}}, {"model": "timetable.timetableentry", "pk": 12169, "fields": {"division": 10, "subject": 14, "teacher": 19, "classroom": 7, "time_slot": 28, "session_type": "Lab", "generated": true, "timetable": 63}}, {"model": "timetable.timetableentry", "pk": 12170, "fields": {"division": 1, "subject": 7, "teacher": 5, "classroom": 5, "time_slot": 29, "session_type": "Lecture", "generated": true, "timetable": 63}}, {"model": "timetable.timetableentry", "pk": 12171, "fields": {"division": 11, "subject": 14, "teacher": 19, "classroom": 18, "time_slot": 27, "session_type": "Lecture", "generated": true, "timetable": 63}}, {"model": "timetable.timetableentry", "pk": 12172, "fields": {"division": 10, "subject": 16, "teacher": 1, "classroom": 7, "time_slot": 27, "session_type": "Lab", "generated": true, "timetable": 63}}, {"model": "timetable.timetableentry", "pk": 12173, "fields": {"division": 4, "subject": 1, "teacher": 16, "classroom": 3, "time_slot": 36, "session_type": "Lab", "generated": true, "timetable": 63}}, {"model": "timetable.timetableentry", "pk": 12174, "fields": {"division": 13, "subject": 1, "teacher": 16, "classroom": 4, "time_slot": 29, "session_type": "Lecture", "generated": true, "timetable": 63}}, {"model": "timetable.timetableentry", "pk": 12175, "fields": {"division": 18, "subject": 12, "teacher": 14, "classroom": 6, "time_slot": 28, "session_type": "Lecture", "generated": true, "timetable": 63}}, {"model": "timetable.timetableentry", "pk": 12176, "fields": {"division": 18, "subject": 13, "teacher": 15, "classroom": 19, "time_slot": 26, "session_type": "Lecture", "generated": true, "timetable": 63}}, {"model": "timetable.timetableentry", "pk": 12177, "fields": {"division": 18, "subject": 14, "teacher": 16, "classroom": 5, "time_slot": 33, "session_type": "Lecture", "generated": true, "timetable": 63}}, {"model": "timetable.timetableentry", "pk": 12178, "fields": {"division": 12, "subject": 3, "teacher": 2, "classroom": 19, "time_slot": 24, "session_type": "Lecture", "generated": true, "timetable": 63}}, {"model": "timetable.timetableentry", "pk": 12179, "fields": {"division": 3, "subject": 1, "teacher": 16, "classroom": 5, "time_slot": 28, "session_type": "Lecture", "generated": true, "timetable": 63}}, {"model": "timetable.timetableentry", "pk": 12180, "fields": {"division": 6, "subject": 1, "teacher": 11, "classroom": 2, "time_slot": 38, "session_type": "Lecture", "generated": true, "timetable": 63}}, {"model": "timetable.timetableentry", "pk": 12181, "fields": {"division": 6, "subject": 5, "teacher": 4, "classroom": 4, "time_slot": 33, "session_type": "Lecture", "generated": true, "timetable": 63}}, {"model": "timetable.timetableentry", "pk": 12182, "fields": {"division": 12, "subject": 1, "teacher": 11, "classroom": 1, "time_slot": 35, "session_type": "Lecture", "generated": true, "timetable": 63}}, {"model": "timetable.timetableentry", "pk": 12183, "fields": {"division": 6, "subject": 4, "teacher": 13, "classroom": 3, "time_slot": 29, "session_type": "Lecture", "generated": true, "timetable": 63}}, {"model": "timetable.timetableentry", "pk": 12184, "fields": {"division": 11, "subject": 14, "teacher": 19, "classroom": 18, "time_slot": 26, "session_type": "Lecture", "generated": true, "timetable": 63}}, {"model": "timetable.timetableentry", "pk": 12185, "fields": {"division": 6, "subject": 2, "teacher": 7, "classroom": 4, "time_slot": 28, "session_type": "Lecture", "generated": true, "timetable": 63}}, {"model": "timetable.timetableentry", "pk": 12186, "fields": {"division": 14, "subject": 14, "teacher": 19, "classroom": 2, "time_slot": 29, "session_type": "Lab", "generated": true, "timetable": 63}}, {"model": "timetable.timetableentry", "pk": 12187, "fields": {"division": 5, "subject": 2, "teacher": 7, "classroom": 7, "time_slot": 26, "session_type": "Lecture", "generated": true, "timetable": 63}}, {"model": "timetable.timetableentry", "pk": 12188, "fields": {"division": 14, "subject": 16, "teacher": 18, "classroom": 6, "time_slot": 26, "session_type": "Lecture", "generated": true, "timetable": 63}}, {"model": "timetable.timetableentry", "pk": 12189, "fields": {"division": 18, "subject": 15, "teacher": 17, "classroom": 6, "time_slot": 27, "session_type": "Lecture", "generated": true, "timetable": 63}}, {"model": "timetable.timetableentry", "pk": 12190, "fields": {"division": 4, "subject": 2, "teacher": 7, "classroom": 5, "time_slot": 27, "session_type": "Lecture", "generated": true, "timetable": 63}}, {"model": "timetable.timetableentry", "pk": 12191, "fields": {"division": 5, "subject": 5, "teacher": 4, "classroom": 18, "time_slot": 24, "session_type": "Lecture", "generated": true, "timetable": 63}}, {"model": "timetable.timetableentry", "pk": 12192, "fields": {"division": 12, "subject": 1, "teacher": 11, "classroom": 3, "time_slot": 33, "session_type": "Lecture", "generated": true, "timetable": 63}}, {"model": "timetable.timetableentry", "pk": 12193, "fields": {"division": 1, "subject": 8, "teacher": 9, "classroom": 1, "time_slot": 38, "session_type": "Lecture", "generated": true, "timetable": 63}}, {"model": "timetable.timetableentry", "pk": 12194, "fields": {"division": 6, "subject": 1, "teacher": 11, "classroom": 2, "time_slot": 36, "session_type": "Lab", "generated": true, "timetable": 63}}, {"model": "timetable.timetableentry", "pk": 12195, "fields": {"division": 5, "subject": 1, "teacher": 11, "classroom": 1, "time_slot": 29, "session_type": "Lecture", "generated": true, "timetable": 63}}, {"model": "timetable.timetableentry", "pk": 12196, "fields": {"division": 5, "subject": 1, "teacher": 11, "classroom": 3, "time_slot": 28, "session_type": "Lab", "generated": true, "timetable": 63}}, {"model": "timetable.timetableentry", "pk": 12197, "fields": {"division": 13, "subject": 3, "teacher": 8, "classroom": 2, "time_slot": 28, "session_type": "Lecture", "generated": true, "timetable": 63}}, {"model": "timetable.timetableentry", "pk": 12198, "fields": {"division": 6, "subject": 1, "teacher": 11, "classroom": 4, "time_slot": 27, "session_type": "Lecture", "generated": true, "timetable": 63}}, {"model": "timetable.timetableentry", "pk": 12199, "fields": {"division": 13, "subject": 6, "teacher": 12, "classroom": 3, "time_slot": 27, "session_type": "Lecture", "generated": true, "timetable": 63}}, {"model": "timetable.timetableentry", "pk": 12200, "fields": {"division": 18, "subject": 12, "teacher": 14, "classroom": 19, "time_slot": 21, "session_type": "Lecture", "generated": true, "timetable": 63}}, {"model": "timetable.timetableentry", "pk": 12201, "fields": {"division": 13, "subject": 6, "teacher": 12, "classroom": 19, "time_slot": 25, "session_type": "Lab", "generated": true, "timetable": 63}}, {"model": "timetable.timetableentry", "pk": 12202, "fields": {"division": 11, "subject": 12, "teacher": 14, "classroom": 19, "time_slot": 23, "session_type": "Lecture", "generated": true, "timetable": 63}}, {"model": "timetable.timetableentry", "pk": 12203, "fields": {"division": 2, "subject": 9, "teacher": 1, "classroom": 19, "time_slot": 22, "session_type": "Lecture", "generated": true, "timetable": 63}}, {"model": "timetable.timetableentry", "pk": 12204, "fields": {"division": 6, "subject": 6, "teacher": 12, "classroom": 5, "time_slot": 26, "session_type": "Lab", "generated": true, "timetable": 63}}, {"model": "timetable.timetableentry", "pk": 12205, "fields": {"division": 1, "subject": 9, "teacher": 9, "classroom": 1, "time_slot": 36, "session_type": "Lecture", "generated": true, "timetable": 63}}, {"model": "timetable.timetableentry", "pk": 12206, "fields": {"division": 1, "subject": 11, "teacher": 10, "classroom": 1, "time_slot": 28, "session_type": "Lecture", "generated": true, "timetable": 63}}, {"model": "timetable.timetableentry", "pk": 12207, "fields": {"division": 3, "subject": 3, "teacher": 8, "classroom": 7, "time_slot": 23, "session_type": "Lecture", "generated": true, "timetable": 63}}, {"model": "timetable.timetableentry", "pk": 12208, "fields": {"division": 11, "subject": 16, "teacher": 18, "classroom": 18, "time_slot": 21, "session_type": "Lecture", "generated": true, "timetable": 63}}, {"model": "timetable.timetableentry", "pk": 12209, "fields": {"division": 12, "subject": 1, "teacher": 11, "classroom": 4, "time_slot": 26, "session_type": "Lab", "generated": true, "timetable": 63}}, {"model": "timetable.timetableentry", "pk": 12210, "fields": {"division": 7, "subject": 3, "teacher": 2, "classroom": 18, "time_slot": 22, "session_type": "Lecture", "generated": true, "timetable": 63}}, {"model": "timetable.timetableentry", "pk": 12211, "fields": {"division": 14, "subject": 16, "teacher": 18, "classroom": 6, "time_slot": 23, "session_type": "Lecture", "generated": true, "timetable": 63}}, {"model": "timetable.timetableentry", "pk": 12212, "fields": {"division": 1, "subject": 7, "teacher": 5, "classroom": 19, "time_slot": 20, "session_type": "Lecture", "generated": true, "timetable": 63}}, {"model": "timetable.timetableentry", "pk": 12213, "fields": {"division": 7, "subject": 3, "teacher": 2, "classroom": 2, "time_slot": 27, "session_type": "Lab", "generated": true, "timetable": 63}}, {"model": "timetable.timetableentry", "pk": 12214, "fields": {"division": 1, "subject": 8, "teacher": 9, "classroom": 5, "time_slot": 23, "session_type": "Lecture", "generated": true, "timetable": 63}}, {"model": "timetable.timetableentry", "pk": 12215, "fields": {"division": 2, "subject": 11, "teacher": 10, "classroom": 1, "time_slot": 27, "session_type": "Lab", "generated": true, "timetable": 63}}, {"model": "timetable.timetableentry", "pk": 12216, "fields": {"division": 2, "subject": 7, "teacher": 5, "classroom": 7, "time_slot": 21, "session_type": "Lecture", "generated": true, "timetable": 63}}, {"model": "timetable.timetableentry", "pk": 12217, "fields": {"division": 2, "subject": 7, "teacher": 5, "classroom": 18, "time_slot": 25, "session_type": "Lab", "generated": true, "timetable": 63}}, {"model": "timetable.timetableentry", "pk": 12218, "fields": {"division": 14, "subject": 14, "teacher": 19, "classroom": 7, "time_slot": 22, "session_type": "Lecture", "generated": true, "timetable": 63}}, {"model": "timetable.timetableentry", "pk": 12219, "fields": {"division": 4, "subject": 3, "teacher": 2, "classroom": 7, "time_slot": 25, "session_type": "Lecture", "generated": true, "timetable": 63}}, {"model": "timetable.timetableentry", "pk": 12220, "fields": {"division": 12, "subject": 4, "teacher": 13, "classroom": 6, "time_slot": 22, "session_type": "Lecture", "generated": true, "timetable": 63}}, {"model": "timetable.timetableentry", "pk": 12221, "fields": {"division": 4, "subject": 5, "teacher": 4, "classroom": 2, "time_slot": 23, "session_type": "Lecture", "generated": true, "timetable": 63}}, {"model": "timetable.timetableentry", "pk": 12222, "fields": {"division": 5, "subject": 3, "teacher": 8, "classroom": 6, "time_slot": 25, "session_type": "Lab", "generated": true, "timetable": 63}}, {"model": "timetable.timetableentry", "pk": 12223, "fields": {"division": 6, "subject": 3, "teacher": 9, "classroom": 6, "time_slot": 21, "session_type": "Lecture", "generated": true, "timetable": 63}}, {"model": "timetable.timetableentry", "pk": 12224, "fields": {"division": 1, "subject": 11, "teacher": 10, "classroom": 3, "time_slot": 26, "session_type": "Lab", "generated": true, "timetable": 63}}, {"model": "timetable.timetableentry", "pk": 12225, "fields": {"division": 3, "subject": 3, "teacher": 8, "classroom": 5, "time_slot": 22, "session_type": "Lecture", "generated": true, "timetable": 63}}, {"model": "timetable.timetableentry", "pk": 12226, "fields": {"division": 1, "subject": 9, "teacher": 9, "classroom": 4, "time_slot": 22, "session_type": "Lecture", "generated": true, "timetable": 63}}, {"model": "timetable.timetableentry", "pk": 12227, "fields": {"division": 13, "subject": 3, "teacher": 8, "classroom": 2, "time_slot": 26, "session_type": "Lab", "generated": true, "timetable": 63}}, {"model": "timetable.timetableentry", "pk": 12228, "fields": {"division": 14, "subject": 14, "teacher": 19, "classroom": 5, "time_slot": 21, "session_type": "Lecture", "generated": true, "timetable": 63}}, {"model": "timetable.timetableentry", "pk": 12229, "fields": {"division": 6, "subject": 6, "teacher": 12, "classroom": 1, "time_slot": 23, "session_type": "Lecture", "generated": true, "timetable": 63}}, {"model": "timetable.timetableentry", "pk": 12230, "fields": {"division": 10, "subject": 12, "teacher": 14, "classroom": 3, "time_slot": 22, "session_type": "Lecture", "generated": true, "timetable": 63}}, {"model": "timetable.timetableentry", "pk": 12231, "fields": {"division": 14, "subject": 12, "teacher": 14, "classroom": 7, "time_slot": 20, "session_type": "Lecture", "generated": true, "timetable": 63}}, {"model": "timetable.timetableentry", "pk": 12232, "fields": {"division": 3, "subject": 3, "teacher": 8, "classroom": 7, "time_slot": 24, "session_type": "Lab", "generated": true, "timetable": 63}}, {"model": "timetable.timetableentry", "pk": 12233, "fields": {"division": 6, "subject": 3, "teacher": 9, "classroom": 6, "time_slot": 24, "session_type": "Lab", "generated": true, "timetable": 63}}, {"model": "timetable.timetableentry", "pk": 12234, "fields": {"division": 10, "subject": 15, "teacher": 17, "classroom": 4, "time_slot": 21, "session_type": "Lecture", "generated": true, "timetable": 63}}, {"model": "timetable.timetableentry", "pk": 12235, "fields": {"division": 6, "subject": 1, "teacher": 11, "classroom": 5, "time_slot": 25, "session_type": "Lab", "generated": true, "timetable": 63}}, {"model": "timetable.timetableentry", "pk": 12236, "fields": {"division": 13, "subject": 3, "teacher": 8, "classroom": 19, "time_slot": 19, "session_type": "Lecture", "generated": true, "timetable": 63}}, {"model": "timetable.timetableentry", "pk": 12237, "fields": {"division": 14, "subject": 14, "teacher": 19, "classroom": 5, "time_slot": 24, "session_type": "Lab", "generated": true, "timetable": 63}}, {"model": "timetable.timetableentry", "pk": 12238, "fields": {"division": 18, "subject": 16, "teacher": 18, "classroom": 4, "time_slot": 25, "session_type": "Lab", "generated": true, "timetable": 63}}, {"model": "timetable.timetableentry", "pk": 12239, "fields": {"division": 4, "subject": 6, "teacher": 12, "classroom": 4, "time_slot": 24, "session_type": "Lecture", "generated": true, "timetable": 63}}, {"model": "timetable.timetableentry", "pk": 12240, "fields": {"division": 5, "subject": 3, "teacher": 8, "classroom": 19, "time_slot": 18, "session_type": "Lecture", "generated": true, "timetable": 63}}, {"model": "timetable.timetableentry", "pk": 12241, "fields": {"division": 4, "subject": 5, "teacher": 4, "classroom": 2, "time_slot": 22, "session_type": "Lecture", "generated": true, "timetable": 63}}, {"model": "timetable.timetableentry", "pk": 12242, "fields": {"division": 7, "subject": 2, "teacher": 1, "classroom": 6, "time_slot": 20, "session_type": "Lecture", "generated": true, "timetable": 63}}, {"model": "timetable.timetableentry", "pk": 12243, "fields": {"division": 18, "subject": 12, "teacher": 14, "classroom": 18, "time_slot": 18, "session_type": "Lecture", "generated": true, "timetable": 63}}, {"model": "timetable.timetableentry", "pk": 12244, "fields": {"division": 2, "subject": 10, "teacher": 9, "classroom": 5, "time_slot": 20, "session_type": "Lecture", "generated": true, "timetable": 63}}, {"model": "timetable.timetableentry", "pk": 12245, "fields": {"division": 11, "subject": 12, "teacher": 14, "classroom": 18, "time_slot": 19, "session_type": "Lecture", "generated": true, "timetable": 63}}, {"model": "timetable.timetableentry", "pk": 12246, "fields": {"division": 18, "subject": 15, "teacher": 17, "classroom": 7, "time_slot": 19, "session_type": "Lecture", "generated": true, "timetable": 63}}, {"model": "timetable.timetableentry", "pk": 12247, "fields": {"division": 14, "subject": 15, "teacher": 17, "classroom": 3, "time_slot": 25, "session_type": "Lab", "generated": true, "timetable": 63}}, {"model": "timetable.timetableentry", "pk": 12248, "fields": {"division": 11, "subject": 16, "teacher": 18, "classroom": 7, "time_slot": 18, "session_type": "Lecture", "generated": true, "timetable": 63}}, {"model": "timetable.timetableentry", "pk": 12249, "fields": {"division": 7, "subject": 5, "teacher": 4, "classroom": 2, "time_slot": 25, "session_type": "Lecture", "generated": true, "timetable": 63}}, {"model": "timetable.timetableentry", "pk": 12250, "fields": {"division": 6, "subject": 2, "teacher": 7, "classroom": 19, "time_slot": 15, "session_type": "Lecture", "generated": true, "timetable": 63}}, {"model": "timetable.timetableentry", "pk": 12251, "fields": {"division": 10, "subject": 15, "teacher": 17, "classroom": 6, "time_slot": 18, "session_type": "Lecture", "generated": true, "timetable": 63}}, {"model": "timetable.timetableentry", "pk": 12252, "fields": {"division": 14, "subject": 15, "teacher": 17, "classroom": 19, "time_slot": 17, "session_type": "Lecture", "generated": true, "timetable": 63}}, {"model": "timetable.timetableentry", "pk": 12253, "fields": {"division": 12, "subject": 3, "teacher": 2, "classroom": 18, "time_slot": 17, "session_type": "Lab", "generated": true, "timetable": 63}}, {"model": "timetable.timetableentry", "pk": 12254, "fields": {"division": 2, "subject": 8, "teacher": 10, "classroom": 6, "time_slot": 19, "session_type": "Lecture", "generated": true, "timetable": 63}}, {"model": "timetable.timetableentry", "pk": 12255, "fields": {"division": 13, "subject": 6, "teacher": 12, "classroom": 1, "time_slot": 22, "session_type": "Lecture", "generated": true, "timetable": 63}}, {"model": "timetable.timetableentry", "pk": 12256, "fields": {"division": 18, "subject": 15, "teacher": 17, "classroom": 3, "time_slot": 24, "session_type": "Lab", "generated": true, "timetable": 63}}, {"model": "timetable.timetableentry", "pk": 12257, "fields": {"division": 10, "subject": 14, "teacher": 19, "classroom": 5, "time_slot": 19, "session_type": "Lecture", "generated": true, "timetable": 63}}, {"model": "timetable.timetableentry", "pk": 12258, "fields": {"division": 3, "subject": 5, "teacher": 4, "classroom": 4, "time_slot": 20, "session_type": "Lecture", "generated": true, "timetable": 63}}, {"model": "timetable.timetableentry", "pk": 12259, "fields": {"division": 1, "subject": 8, "teacher": 9, "classroom": 1, "time_slot": 25, "session_type": "Lab", "generated": true, "timetable": 63}}, {"model": "timetable.timetableentry", "pk": 12260, "fields": {"division": 2, "subject": 11, "teacher": 10, "classroom": 5, "time_slot": 18, "session_type": "Lecture", "generated": true, "timetable": 63}}, {"model": "timetable.timetableentry", "pk": 12261, "fields": {"division": 1, "subject": 7, "teacher": 5, "classroom": 2, "time_slot": 24, "session_type": "Lab", "generated": true, "timetable": 63}}, {"model": "timetable.timetableentry", "pk": 12262, "fields": {"division": 3, "subject": 1, "teacher": 16, "classroom": 3, "time_slot": 21, "session_type": "Lecture", "generated": true, "timetable": 63}}, {"model": "timetable.timetableentry", "pk": 12263, "fields": {"division": 14, "subject": 13, "teacher": 15, "classroom": 19, "time_slot": 16, "session_type": "Lecture", "generated": true, "timetable": 63}}, {"model": "timetable.timetableentry", "pk": 12264, "fields": {"division": 4, "subject": 4, "teacher": 13, "classroom": 2, "time_slot": 21, "session_type": "Lecture", "generated": true, "timetable": 63}}, {"model": "timetable.timetableentry", "pk": 12265, "fields": {"division": 3, "subject": 1, "teacher": 16, "classroom": 1, "time_slot": 26, "session_type": "Lab", "generated": true, "timetable": 63}}, {"model": "timetable.timetableentry", "pk": 12266, "fields": {"division": 10, "subject": 16, "teacher": 1, "classroom": 7, "time_slot": 17, "session_type": "Lecture", "generated": true, "timetable": 63}}, {"model": "timetable.timetableentry", "pk": 12267, "fields": {"division": 4, "subject": 3, "teacher": 2, "classroom": 4, "time_slot": 18, "session_type": "Lecture", "generated": true, "timetable": 63}}, {"model": "timetable.timetableentry", "pk": 12268, "fields": {"division": 1, "subject": 9, "teacher": 9, "classroom": 6, "time_slot": 17, "session_type": "Lecture", "generated": true, "timetable": 63}}, {"model": "timetable.timetableentry", "pk": 12269, "fields": {"division": 7, "subject": 3, "teacher": 2, "classroom": 3, "time_slot": 19, "session_type": "Lecture", "generated": true, "timetable": 63}}, {"model": "timetable.timetableentry", "pk": 12270, "fields": {"division": 4, "subject": 2, "teacher": 7, "classroom": 1, "time_slot": 20, "session_type": "Lecture", "generated": true, "timetable": 63}}, {"model": "timetable.timetableentry", "pk": 12271, "fields": {"division": 14, "subject": 15, "teacher": 17, "classroom": 18, "time_slot": 15, "session_type": "Lecture", "generated": true, "timetable": 63}}, {"model": "timetable.timetableentry", "pk": 12272, "fields": {"division": 7, "subject": 1, "teacher": 11, "classroom": 1, "time_slot": 24, "session_type": "Lab", "generated": true, "timetable": 63}}, {"model": "timetable.timetableentry", "pk": 12273, "fields": {"division": 18, "subject": 15, "teacher": 17, "classroom": 19, "time_slot": 14, "session_type": "Lecture", "generated": true, "timetable": 63}}, {"model": "timetable.timetableentry", "pk": 12274, "fields": {"division": 2, "subject": 8, "teacher": 10, "classroom": 18, "time_slot": 16, "session_type": "Lecture", "generated": true, "timetable": 63}}, {"model": "timetable.timetableentry", "pk": 12275, "fields": {"division": 10, "subject": 13, "teacher": 15, "classroom": 7, "time_slot": 15, "session_type": "Lecture", "generated": true, "timetable": 63}}, {"model": "timetable.timetableentry", "pk": 12276, "fields": {"division": 7, "subject": 1, "teacher": 11, "classroom": 6, "time_slot": 15, "session_type": "Lecture", "generated": true, "timetable": 63}}, {"model": "timetable.timetableentry", "pk": 12277, "fields": {"division": 10, "subject": 14, "teacher": 19, "classroom": 18, "time_slot": 14, "session_type": "Lab", "generated": true, "timetable": 63}}, {"model": "timetable.timetableentry", "pk": 12278, "fields": {"division": 5, "subject": 3, "teacher": 8, "classroom": 7, "time_slot": 16, "session_type": "Lecture", "generated": true, "timetable": 63}}, {"model": "timetable.timetableentry", "pk": 12279, "fields": {"division": 3, "subject": 1, "teacher": 16, "classroom": 3, "time_slot": 18, "session_type": "Lecture", "generated": true, "timetable": 63}}, {"model": "timetable.timetableentry", "pk": 12280, "fields": {"division": 5, "subject": 2, "teacher": 7, "classroom": 2, "time_slot": 19, "session_type": "Lecture", "generated": true, "timetable": 63}}, {"model": "timetable.timetableentry", "pk": 12281, "fields": {"division": 12, "subject": 2, "teacher": 7, "classroom": 2, "time_slot": 18, "session_type": "Lecture", "generated": true, "timetable": 63}}, {"model": "timetable.timetableentry", "pk": 12282, "fields": {"division": 5, "subject": 2, "teacher": 7, "classroom": 5, "time_slot": 17, "session_type": "Lecture", "generated": true, "timetable": 63}}, {"model": "timetable.timetableentry", "pk": 12283, "fields": {"division": 7, "subject": 1, "teacher": 11, "classroom": 4, "time_slot": 17, "session_type": "Lab", "generated": true, "timetable": 63}}, {"model": "timetable.timetableentry", "pk": 12284, "fields": {"division": 1, "subject": 8, "teacher": 9, "classroom": 6, "time_slot": 16, "session_type": "Lecture", "generated": true, "timetable": 63}}, {"model": "timetable.timetableentry", "pk": 12285, "fields": {"division": 7, "subject": 5, "teacher": 4, "classroom": 5, "time_slot": 16, "session_type": "Lecture", "generated": true, "timetable": 63}}, {"model": "timetable.timetableentry", "pk": 12286, "fields": {"division": 18, "subject": 14, "teacher": 16, "classroom": 3, "time_slot": 17, "session_type": "Lab", "generated": true, "timetable": 63}}, {"model": "timetable.timetableentry", "pk": 12287, "fields": {"division": 13, "subject": 5, "teacher": 4, "classroom": 2, "time_slot": 17, "session_type": "Lecture", "generated": true, "timetable": 63}}, {"model": "timetable.timetableentry", "pk": 12288, "fields": {"division": 6, "subject": 3, "teacher": 9, "classroom": 7, "time_slot": 14, "session_type": "Lecture", "generated": true, "timetable": 63}}, {"model": "timetable.timetableentry", "pk": 12289, "fields": {"division": 4, "subject": 1, "teacher": 16, "classroom": 4, "time_slot": 16, "session_type": "Lecture", "generated": true, "timetable": 63}}, {"model": "timetable.timetableentry", "pk": 12290, "fields": {"division": 7, "subject": 6, "teacher": 12, "classroom": 1, "time_slot": 21, "session_type": "Lecture", "generated": true, "timetable": 63}}, {"model": "timetable.timetableentry", "pk": 12291, "fields": {"division": 13, "subject": 2, "teacher": 7, "classroom": 3, "time_slot": 16, "session_type": "Lecture", "generated": true, "timetable": 63}}, {"model": "timetable.timetableentry", "pk": 12292, "fields": {"division": 11, "subject": 15, "teacher": 1, "classroom": 2, "time_slot": 16, "session_type": "Lecture", "generated": true, "timetable": 63}}, {"model": "timetable.timetableentry", "pk": 12293, "fields": {"division": 12, "subject": 5, "teacher": 4, "classroom": 5, "time_slot": 15, "session_type": "Lecture", "generated": true, "timetable": 63}}, {"model": "timetable.timetableentry", "pk": 12294, "fields": {"division": 7, "subject": 6, "teacher": 12, "classroom": 1, "time_slot": 18, "session_type": "Lecture", "generated": true, "timetable": 63}}, {"model": "timetable.timetableentry", "pk": 12295, "fields": {"division": 7, "subject": 3, "teacher": 2, "classroom": 6, "time_slot": 14, "session_type": "Lecture", "generated": true, "timetable": 63}}, {"model": "timetable.timetableentry", "pk": 12296, "fields": {"division": 4, "subject": 6, "teacher": 12, "classroom": 1, "time_slot": 17, "session_type": "Lecture", "generated": true, "timetable": 63}}, {"model": "timetable.timetableentry", "pk": 12297, "fields": {"division": 4, "subject": 1, "teacher": 16, "classroom": 4, "time_slot": 15, "session_type": "Lecture", "generated": true, "timetable": 63}}, {"model": "timetable.timetableentry", "pk": 12298, "fields": {"division": 14, "subject": 12, "teacher": 14, "classroom": 19, "time_slot": 13, "session_type": "Lecture", "generated": true, "timetable": 63}}, {"model": "timetable.timetableentry", "pk": 12299, "fields": {"division": 12, "subject": 6, "teacher": 12, "classroom": 1, "time_slot": 16, "session_type": "Lecture", "generated": true, "timetable": 63}}, {"model": "timetable.timetableentry", "pk": 12300, "fields": {"division": 5, "subject": 4, "teacher": 13, "classroom": 5, "time_slot": 14, "session_type": "Lecture", "generated": true, "timetable": 63}}, {"model": "timetable.timetableentry", "pk": 12301, "fields": {"division": 2, "subject": 10, "teacher": 9, "classroom": 18, "time_slot": 13, "session_type": "Lecture", "generated": true, "timetable": 63}}, {"model": "timetable.timetableentry", "pk": 12302, "fields": {"division": 5, "subject": 6, "teacher": 12, "classroom": 3, "time_slot": 15, "session_type": "Lecture", "generated": true, "timetable": 63}}, {"model": "timetable.timetableentry", "pk": 12303, "fields": {"division": 2, "subject": 9, "teacher": 1, "classroom": 2, "time_slot": 15, "session_type": "Lecture", "generated": true, "timetable": 63}}, {"model": "timetable.timetableentry", "pk": 12304, "fields": {"division": 18, "subject": 16, "teacher": 18, "classroom": 19, "time_slot": 12, "session_type": "Lecture", "generated": true, "timetable": 63}}, {"model": "timetable.timetableentry", "pk": 12305, "fields": {"division": 11, "subject": 15, "teacher": 1, "classroom": 4, "time_slot": 14, "session_type": "Lecture", "generated": true, "timetable": 63}}, {"model": "timetable.timetableentry", "pk": 12306, "fields": {"division": 11, "subject": 13, "teacher": 15, "classroom": 18, "time_slot": 12, "session_type": "Lecture", "generated": true, "timetable": 63}}, {"model": "timetable.timetableentry", "pk": 12307, "fields": {"division": 13, "subject": 4, "teacher": 13, "classroom": 1, "time_slot": 15, "session_type": "Lecture", "generated": true, "timetable": 63}}, {"model": "timetable.timetableentry", "pk": 12308, "fields": {"division": 13, "subject": 1, "teacher": 16, "classroom": 3, "time_slot": 14, "session_type": "Lab", "generated": true, "timetable": 63}}, {"model": "timetable.timetableentry", "pk": 12309, "fields": {"division": 12, "subject": 6, "teacher": 12, "classroom": 2, "time_slot": 14, "session_type": "Lab", "generated": true, "timetable": 63}}, {"model": "timetable.timetableentry", "pk": 12310, "fields": {"division": 10, "subject": 14, "teacher": 19, "classroom": 7, "time_slot": 12, "session_type": "Lecture", "generated": true, "timetable": 63}}, {"model": "timetable.timetableentry", "pk": 12311, "fields": {"division": 10, "subject": 16, "teacher": 1, "classroom": 7, "time_slot": 13, "session_type": "Lecture", "generated": true, "timetable": 63}}, {"model": "timetable.timetableentry", "pk": 12312, "fields": {"division": 5, "subject": 5, "teacher": 4, "classroom": 6, "time_slot": 13, "session_type": "Lecture", "generated": true, "timetable": 63}}, {"model": "timetable.timetableentry", "pk": 12313, "fields": {"division": 7, "subject": 4, "teacher": 13, "classroom": 5, "time_slot": 13, "session_type": "Lecture", "generated": true, "timetable": 63}}, {"model": "timetable.timetableentry", "pk": 12314, "fields": {"division": 5, "subject": 1, "teacher": 11, "classroom": 6, "time_slot": 12, "session_type": "Lecture", "generated": true, "timetable": 63}}, {"model": "timetable.timetableentry", "pk": 12315, "fields": {"division": 3, "subject": 5, "teacher": 4, "classroom": 5, "time_slot": 12, "session_type": "Lecture", "generated": true, "timetable": 63}}, {"model": "timetable.timetableentry", "pk": 12316, "fields": {"division": 4, "subject": 6, "teacher": 12, "classroom": 4, "time_slot": 13, "session_type": "Lab", "generated": true, "timetable": 63}}, {"model": "timetable.timetableentry", "pk": 12317, "fields": {"division": 7, "subject": 2, "teacher": 1, "classroom": 4, "time_slot": 12, "session_type": "Lecture", "generated": true, "timetable": 63}}, {"model": "timetable.timetableentry", "pk": 12318, "fields": {"division": 2, "subject": 8, "teacher": 10, "classroom": 1, "time_slot": 14, "session_type": "Lecture", "generated": true, "timetable": 63}}, {"model": "timetable.timetableentry", "pk": 12319, "fields": {"division": 13, "subject": 2, "teacher": 7, "classroom": 3, "time_slot": 13, "session_type": "Lecture", "generated": true, "timetable": 63}}, {"model": "timetable.timetableentry", "pk": 12320, "fields": {"division": 1, "subject": 11, "teacher": 10, "classroom": 2, "time_slot": 13, "session_type": "Lecture", "generated": true, "timetable": 63}}, {"model": "timetable.timetableentry", "pk": 12321, "fields": {"division": 3, "subject": 1, "teacher": 16, "classroom": 1, "time_slot": 13, "session_type": "Lab", "generated": true, "timetable": 63}}, {"model": "timetable.timetableentry", "pk": 12322, "fields": {"division": 1, "subject": 11, "teacher": 10, "classroom": 3, "time_slot": 12, "session_type": "Lecture", "generated": true, "timetable": 63}}, {"model": "timetable.timetableentry", "pk": 12323, "fields": {"division": 13, "subject": 1, "teacher": 16, "classroom": 2, "time_slot": 12, "session_type": "Lecture", "generated": true, "timetable": 63}}, {"model": "timetable.timetableentry", "pk": 12324, "fields": {"division": 6, "subject": 6, "teacher": 12, "classroom": 1, "time_slot": 12, "session_type": "Lecture", "generated": true, "timetable": 63}}, {"model": "timetable.timetableentry", "pk": 12325, "fields": {"division": 3, "subject": 4, "teacher": 13, "classroom": 27, "time_slot": 29, "session_type": "Lecture", "generated": true, "timetable": 65}}, {"model": "timetable.timetableentry", "pk": 12326, "fields": {"division": 3, "subject": 3, "teacher": 8, "classroom": 5, "time_slot": 35, "session_type": "Lecture", "generated": true, "timetable": 65}}, {"model": "timetable.timetableentry", "pk": 12327, "fields": {"division": 11, "subject": 16, "teacher": 18, "classroom": 4, "time_slot": 40, "session_type": "Lab", "generated": true, "timetable": 65}}, {"model": "timetable.timetableentry", "pk": 12328, "fields": {"division": 18, "subject": 15, "teacher": 17, "classroom": 18, "time_slot": 33, "session_type": "Lecture", "generated": true, "timetable": 65}}, {"model": "timetable.timetableentry", "pk": 12329, "fields": {"division": 7, "subject": 2, "teacher": 1, "classroom": 3, "time_slot": 39, "session_type": "Lecture", "generated": true, "timetable": 65}}, {"model": "timetable.timetableentry", "pk": 12330, "fields": {"division": 14, "subject": 14, "teacher": 19, "classroom": 3, "time_slot": 35, "session_type": "Lecture", "generated": true, "timetable": 65}}, {"model": "timetable.timetableentry", "pk": 12331, "fields": {"division": 13, "subject": 3, "teacher": 8, "classroom": 3, "time_slot": 40, "session_type": "Lab", "generated": true, "timetable": 65}}, {"model": "timetable.timetableentry", "pk": 12332, "fields": {"division": 14, "subject": 15, "teacher": 17, "classroom": 6, "time_slot": 37, "session_type": "Lab", "generated": true, "timetable": 65}}, {"model": "timetable.timetableentry", "pk": 12333, "fields": {"division": 6, "subject": 2, "teacher": 7, "classroom": 18, "time_slot": 36, "session_type": "Lecture", "generated": true, "timetable": 65}}, {"model": "timetable.timetableentry", "pk": 12334, "fields": {"division": 6, "subject": 3, "teacher": 9, "classroom": 7, "time_slot": 34, "session_type": "Lecture", "generated": true, "timetable": 65}}, {"model": "timetable.timetableentry", "pk": 12335, "fields": {"division": 7, "subject": 2, "teacher": 1, "classroom": 6, "time_slot": 34, "session_type": "Lecture", "generated": true, "timetable": 65}}, {"model": "timetable.timetableentry", "pk": 12336, "fields": {"division": 4, "subject": 3, "teacher": 2, "classroom": 2, "time_slot": 40, "session_type": "Lab", "generated": true, "timetable": 65}}, {"model": "timetable.timetableentry", "pk": 12337, "fields": {"division": 11, "subject": 15, "teacher": 1, "classroom": 7, "time_slot": 36, "session_type": "Lecture", "generated": true, "timetable": 65}}, {"model": "timetable.timetableentry", "pk": 12338, "fields": {"division": 14, "subject": 14, "teacher": 19, "classroom": 27, "time_slot": 28, "session_type": "Lab", "generated": true, "timetable": 65}}, {"model": "timetable.timetableentry", "pk": 12339, "fields": {"division": 5, "subject": 6, "teacher": 12, "classroom": 5, "time_slot": 38, "session_type": "Lab", "generated": true, "timetable": 65}}, {"model": "timetable.timetableentry", "pk": 12340, "fields": {"division": 12, "subject": 1, "teacher": 11, "classroom": 1, "time_slot": 41, "session_type": "Lab", "generated": true, "timetable": 65}}, {"model": "timetable.timetableentry", "pk": 12341, "fields": {"division": 6, "subject": 6, "teacher": 12, "classroom": 2, "time_slot": 39, "session_type": "Lab", "generated": true, "timetable": 65}}, {"model": "timetable.timetableentry", "pk": 12342, "fields": {"division": 4, "subject": 1, "teacher": 16, "classroom": 4, "time_slot": 38, "session_type": "Lab", "generated": true, "timetable": 65}}, {"model": "timetable.timetableentry", "pk": 12343, "fields": {"division": 7, "subject": 6, "teacher": 12, "classroom": 5, "time_slot": 37, "session_type": "Lab", "generated": true, "timetable": 65}}, {"model": "timetable.timetableentry", "pk": 12344, "fields": {"division": 11, "subject": 14, "teacher": 19, "classroom": 7, "time_slot": 33, "session_type": "Lecture", "generated": true, "timetable": 65}}, {"model": "timetable.timetableentry", "pk": 12345, "fields": {"division": 4, "subject": 3, "teacher": 2, "classroom": 6, "time_slot": 33, "session_type": "Lecture", "generated": true, "timetable": 65}}, {"model": "timetable.timetableentry", "pk": 12346, "fields": {"division": 14, "subject": 16, "teacher": 18, "classroom": 5, "time_slot": 33, "session_type": "Lecture", "generated": true, "timetable": 65}}, {"model": "timetable.timetableentry", "pk": 12347, "fields": {"division": 3, "subject": 1, "teacher": 16, "classroom": 6, "time_slot": 36, "session_type": "Lecture", "generated": true, "timetable": 65}}, {"model": "timetable.timetableentry", "pk": 12348, "fields": {"division": 5, "subject": 5, "teacher": 4, "classroom": 27, "time_slot": 32, "session_type": "Lecture", "generated": true, "timetable": 65}}, {"model": "timetable.timetableentry", "pk": 12349, "fields": {"division": 11, "subject": 13, "teacher": 15, "classroom": 19, "time_slot": 32, "session_type": "Lecture", "generated": true, "timetable": 65}}, {"model": "timetable.timetableentry", "pk": 12350, "fields": {"division": 11, "subject": 14, "teacher": 19, "classroom": 3, "time_slot": 38, "session_type": "Lab", "generated": true, "timetable": 65}}, {"model": "timetable.timetableentry", "pk": 12351, "fields": {"division": 12, "subject": 1, "teacher": 11, "classroom": 1, "time_slot": 40, "session_type": "Lecture", "generated": true, "timetable": 65}}, {"model": "timetable.timetableentry", "pk": 12352, "fields": {"division": 18, "subject": 12, "teacher": 14, "classroom": 19, "time_slot": 28, "session_type": "Lecture", "generated": true, "timetable": 65}}, {"model": "timetable.timetableentry", "pk": 12353, "fields": {"division": 5, "subject": 6, "teacher": 12, "classroom": 27, "time_slot": 27, "session_type": "Lecture", "generated": true, "timetable": 65}}, {"model": "timetable.timetableentry", "pk": 12354, "fields": {"division": 1, "subject": 10, "teacher": 2, "classroom": 18, "time_slot": 32, "session_type": "Lecture", "generated": true, "timetable": 65}}, {"model": "timetable.timetableentry", "pk": 12355, "fields": {"division": 7, "subject": 5, "teacher": 4, "classroom": 18, "time_slot": 31, "session_type": "Lecture", "generated": true, "timetable": 65}}, {"model": "timetable.timetableentry", "pk": 12356, "fields": {"division": 2, "subject": 7, "teacher": 5, "classroom": 2, "time_slot": 38, "session_type": "Lab", "generated": true, "timetable": 65}}, {"model": "timetable.timetableentry", "pk": 12357, "fields": {"division": 2, "subject": 10, "teacher": 9, "classroom": 6, "time_slot": 32, "session_type": "Lecture", "generated": true, "timetable": 65}}, {"model": "timetable.timetableentry", "pk": 12358, "fields": {"division": 13, "subject": 1, "teacher": 16, "classroom": 1, "time_slot": 39, "session_type": "Lecture", "generated": true, "timetable": 65}}, {"model": "timetable.timetableentry", "pk": 12359, "fields": {"division": 14, "subject": 16, "teacher": 18, "classroom": 19, "time_slot": 29, "session_type": "Lecture", "generated": true, "timetable": 65}}, {"model": "timetable.timetableentry", "pk": 12360, "fields": {"division": 3, "subject": 1, "teacher": 16, "classroom": 5, "time_slot": 32, "session_type": "Lecture", "generated": true, "timetable": 65}}, {"model": "timetable.timetableentry", "pk": 12361, "fields": {"division": 11, "subject": 14, "teacher": 19, "classroom": 4, "time_slot": 37, "session_type": "Lab", "generated": true, "timetable": 65}}, {"model": "timetable.timetableentry", "pk": 12362, "fields": {"division": 2, "subject": 7, "teacher": 5, "classroom": 19, "time_slot": 27, "session_type": "Lecture", "generated": true, "timetable": 65}}, {"model": "timetable.timetableentry", "pk": 12363, "fields": {"division": 5, "subject": 2, "teacher": 7, "classroom": 5, "time_slot": 34, "session_type": "Lecture", "generated": true, "timetable": 65}}, {"model": "timetable.timetableentry", "pk": 12364, "fields": {"division": 11, "subject": 16, "teacher": 18, "classroom": 27, "time_slot": 30, "session_type": "Lecture", "generated": true, "timetable": 65}}, {"model": "timetable.timetableentry", "pk": 12365, "fields": {"division": 7, "subject": 1, "teacher": 11, "classroom": 1, "time_slot": 38, "session_type": "Lecture", "generated": true, "timetable": 65}}, {"model": "timetable.timetableentry", "pk": 12366, "fields": {"division": 18, "subject": 14, "teacher": 16, "classroom": 2, "time_slot": 35, "session_type": "Lecture", "generated": true, "timetable": 65}}, {"model": "timetable.timetableentry", "pk": 12367, "fields": {"division": 6, "subject": 2, "teacher": 7, "classroom": 4, "time_slot": 33, "session_type": "Lecture", "generated": true, "timetable": 65}}, {"model": "timetable.timetableentry", "pk": 12368, "fields": {"division": 13, "subject": 4, "teacher": 13, "classroom": 18, "time_slot": 27, "session_type": "Lecture", "generated": true, "timetable": 65}}, {"model": "timetable.timetableentry", "pk": 12369, "fields": {"division": 7, "subject": 3, "teacher": 2, "classroom": 5, "time_slot": 36, "session_type": "Lab", "generated": true, "timetable": 65}}, {"model": "timetable.timetableentry", "pk": 12370, "fields": {"division": 10, "subject": 15, "teacher": 17, "classroom": 4, "time_slot": 36, "session_type": "Lab", "generated": true, "timetable": 65}}, {"model": "timetable.timetableentry", "pk": 12371, "fields": {"division": 10, "subject": 15, "teacher": 17, "classroom": 18, "time_slot": 29, "session_type": "Lecture", "generated": true, "timetable": 65}}, {"model": "timetable.timetableentry", "pk": 12372, "fields": {"division": 18, "subject": 15, "teacher": 17, "classroom": 27, "time_slot": 23, "session_type": "Lecture", "generated": true, "timetable": 65}}, {"model": "timetable.timetableentry", "pk": 12373, "fields": {"division": 13, "subject": 2, "teacher": 7, "classroom": 7, "time_slot": 31, "session_type": "Lecture", "generated": true, "timetable": 65}}, {"model": "timetable.timetableentry", "pk": 12374, "fields": {"division": 11, "subject": 15, "teacher": 1, "classroom": 7, "time_slot": 29, "session_type": "Lab", "generated": true, "timetable": 65}}, {"model": "timetable.timetableentry", "pk": 12375, "fields": {"division": 12, "subject": 2, "teacher": 7, "classroom": 4, "time_slot": 32, "session_type": "Lecture", "generated": true, "timetable": 65}}, {"model": "timetable.timetableentry", "pk": 12376, "fields": {"division": 1, "subject": 7, "teacher": 5, "classroom": 2, "time_slot": 34, "session_type": "Lecture", "generated": true, "timetable": 65}}, {"model": "timetable.timetableentry", "pk": 12377, "fields": {"division": 3, "subject": 1, "teacher": 16, "classroom": 6, "time_slot": 31, "session_type": "Lecture", "generated": true, "timetable": 65}}, {"model": "timetable.timetableentry", "pk": 12378, "fields": {"division": 14, "subject": 14, "teacher": 19, "classroom": 7, "time_slot": 27, "session_type": "Lecture", "generated": true, "timetable": 65}}, {"model": "timetable.timetableentry", "pk": 12379, "fields": {"division": 1, "subject": 9, "teacher": 9, "classroom": 5, "time_slot": 31, "session_type": "Lecture", "generated": true, "timetable": 65}}, {"model": "timetable.timetableentry", "pk": 12380, "fields": {"division": 12, "subject": 6, "teacher": 12, "classroom": 1, "time_slot": 34, "session_type": "Lecture", "generated": true, "timetable": 65}}, {"model": "timetable.timetableentry", "pk": 12381, "fields": {"division": 12, "subject": 3, "teacher": 2, "classroom": 19, "time_slot": 30, "session_type": "Lecture", "generated": true, "timetable": 65}}, {"model": "timetable.timetableentry", "pk": 12382, "fields": {"division": 1, "subject": 8, "teacher": 9, "classroom": 3, "time_slot": 37, "session_type": "Lab", "generated": true, "timetable": 65}}, {"model": "timetable.timetableentry", "pk": 12383, "fields": {"division": 4, "subject": 6, "teacher": 12, "classroom": 2, "time_slot": 32, "session_type": "Lecture", "generated": true, "timetable": 65}}, {"model": "timetable.timetableentry", "pk": 12384, "fields": {"division": 4, "subject": 5, "teacher": 4, "classroom": 18, "time_slot": 30, "session_type": "Lecture", "generated": true, "timetable": 65}}, {"model": "timetable.timetableentry", "pk": 12385, "fields": {"division": 11, "subject": 12, "teacher": 14, "classroom": 27, "time_slot": 26, "session_type": "Lecture", "generated": true, "timetable": 65}}, {"model": "timetable.timetableentry", "pk": 12386, "fields": {"division": 12, "subject": 5, "teacher": 4, "classroom": 6, "time_slot": 29, "session_type": "Lecture", "generated": true, "timetable": 65}}, {"model": "timetable.timetableentry", "pk": 12387, "fields": {"division": 11, "subject": 15, "teacher": 1, "classroom": 18, "time_slot": 28, "session_type": "Lecture", "generated": true, "timetable": 65}}, {"model": "timetable.timetableentry", "pk": 12388, "fields": {"division": 3, "subject": 3, "teacher": 8, "classroom": 19, "time_slot": 26, "session_type": "Lecture", "generated": true, "timetable": 65}}, {"model": "timetable.timetableentry", "pk": 12389, "fields": {"division": 3, "subject": 6, "teacher": 12, "classroom": 7, "time_slot": 30, "session_type": "Lecture", "generated": true, "timetable": 65}}, {"model": "timetable.timetableentry", "pk": 12390, "fields": {"division": 13, "subject": 2, "teacher": 7, "classroom": 5, "time_slot": 30, "session_type": "Lecture", "generated": true, "timetable": 65}}, {"model": "timetable.timetableentry", "pk": 12391, "fields": {"division": 13, "subject": 6, "teacher": 12, "classroom": 3, "time_slot": 36, "session_type": "Lab", "generated": true, "timetable": 65}}, {"model": "timetable.timetableentry", "pk": 12392, "fields": {"division": 2, "subject": 8, "teacher": 10, "classroom": 2, "time_slot": 36, "session_type": "Lecture", "generated": true, "timetable": 65}}, {"model": "timetable.timetableentry", "pk": 12393, "fields": {"division": 11, "subject": 12, "teacher": 14, "classroom": 27, "time_slot": 24, "session_type": "Lecture", "generated": true, "timetable": 65}}, {"model": "timetable.timetableentry", "pk": 12394, "fields": {"division": 7, "subject": 5, "teacher": 4, "classroom": 7, "time_slot": 28, "session_type": "Lecture", "generated": true, "timetable": 65}}, {"model": "timetable.timetableentry", "pk": 12395, "fields": {"division": 6, "subject": 5, "teacher": 4, "classroom": 6, "time_slot": 27, "session_type": "Lecture", "generated": true, "timetable": 65}}, {"model": "timetable.timetableentry", "pk": 12396, "fields": {"division": 2, "subject": 9, "teacher": 1, "classroom": 2, "time_slot": 33, "session_type": "Lecture", "generated": true, "timetable": 65}}, {"model": "timetable.timetableentry", "pk": 12397, "fields": {"division": 18, "subject": 16, "teacher": 18, "classroom": 5, "time_slot": 27, "session_type": "Lecture", "generated": true, "timetable": 65}}, {"model": "timetable.timetableentry", "pk": 12398, "fields": {"division": 2, "subject": 9, "teacher": 1, "classroom": 4, "time_slot": 31, "session_type": "Lecture", "generated": true, "timetable": 65}}, {"model": "timetable.timetableentry", "pk": 12399, "fields": {"division": 1, "subject": 8, "teacher": 9, "classroom": 6, "time_slot": 28, "session_type": "Lecture", "generated": true, "timetable": 65}}, {"model": "timetable.timetableentry", "pk": 12400, "fields": {"division": 13, "subject": 1, "teacher": 16, "classroom": 2, "time_slot": 37, "session_type": "Lab", "generated": true, "timetable": 65}}, {"model": "timetable.timetableentry", "pk": 12401, "fields": {"division": 6, "subject": 1, "teacher": 11, "classroom": 1, "time_slot": 37, "session_type": "Lab", "generated": true, "timetable": 65}}, {"model": "timetable.timetableentry", "pk": 12402, "fields": {"division": 1, "subject": 9, "teacher": 9, "classroom": 1, "time_slot": 36, "session_type": "Lab", "generated": true, "timetable": 65}}, {"model": "timetable.timetableentry", "pk": 12403, "fields": {"division": 18, "subject": 16, "teacher": 18, "classroom": 27, "time_slot": 25, "session_type": "Lab", "generated": true, "timetable": 65}}, {"model": "timetable.timetableentry", "pk": 12404, "fields": {"division": 6, "subject": 1, "teacher": 11, "classroom": 5, "time_slot": 28, "session_type": "Lecture", "generated": true, "timetable": 65}}, {"model": "timetable.timetableentry", "pk": 12405, "fields": {"division": 5, "subject": 3, "teacher": 8, "classroom": 5, "time_slot": 29, "session_type": "Lecture", "generated": true, "timetable": 65}}, {"model": "timetable.timetableentry", "pk": 12406, "fields": {"division": 14, "subject": 12, "teacher": 14, "classroom": 7, "time_slot": 23, "session_type": "Lecture", "generated": true, "timetable": 65}}, {"model": "timetable.timetableentry", "pk": 12407, "fields": {"division": 5, "subject": 2, "teacher": 7, "classroom": 18, "time_slot": 26, "session_type": "Lecture", "generated": true, "timetable": 65}}, {"model": "timetable.timetableentry", "pk": 12408, "fields": {"division": 10, "subject": 14, "teacher": 19, "classroom": 7, "time_slot": 26, "session_type": "Lab", "generated": true, "timetable": 65}}, {"model": "timetable.timetableentry", "pk": 12409, "fields": {"division": 13, "subject": 5, "teacher": 4, "classroom": 6, "time_slot": 23, "session_type": "Lecture", "generated": true, "timetable": 65}}, {"model": "timetable.timetableentry", "pk": 12410, "fields": {"division": 5, "subject": 4, "teacher": 13, "classroom": 4, "time_slot": 23, "session_type": "Lecture", "generated": true, "timetable": 65}}, {"model": "timetable.timetableentry", "pk": 12411, "fields": {"division": 10, "subject": 16, "teacher": 1, "classroom": 4, "time_slot": 27, "session_type": "Lecture", "generated": true, "timetable": 65}}, {"model": "timetable.timetableentry", "pk": 12412, "fields": {"division": 12, "subject": 4, "teacher": 13, "classroom": 19, "time_slot": 24, "session_type": "Lecture", "generated": true, "timetable": 65}}, {"model": "timetable.timetableentry", "pk": 12413, "fields": {"division": 14, "subject": 14, "teacher": 19, "classroom": 19, "time_slot": 25, "session_type": "Lab", "generated": true, "timetable": 65}}, {"model": "timetable.timetableentry", "pk": 12414, "fields": {"division": 7, "subject": 1, "teacher": 11, "classroom": 4, "time_slot": 29, "session_type": "Lab", "generated": true, "timetable": 65}}, {"model": "timetable.timetableentry", "pk": 12415, "fields": {"division": 2, "subject": 11, "teacher": 10, "classroom": 4, "time_slot": 28, "session_type": "Lab", "generated": true, "timetable": 65}}, {"model": "timetable.timetableentry", "pk": 12416, "fields": {"division": 2, "subject": 9, "teacher": 1, "classroom": 6, "time_slot": 26, "session_type": "Lecture", "generated": true, "timetable": 65}}, {"model": "timetable.timetableentry", "pk": 12417, "fields": {"division": 1, "subject": 9, "teacher": 9, "classroom": 3, "time_slot": 29, "session_type": "Lecture", "generated": true, "timetable": 65}}, {"model": "timetable.timetableentry", "pk": 12418, "fields": {"division": 3, "subject": 1, "teacher": 16, "classroom": 3, "time_slot": 28, "session_type": "Lab", "generated": true, "timetable": 65}}, {"model": "timetable.timetableentry", "pk": 12419, "fields": {"division": 7, "subject": 2, "teacher": 1, "classroom": 18, "time_slot": 25, "session_type": "Lecture", "generated": true, "timetable": 65}}, {"model": "timetable.timetableentry", "pk": 12420, "fields": {"division": 10, "subject": 15, "teacher": 17, "classroom": 7, "time_slot": 25, "session_type": "Lecture", "generated": true, "timetable": 65}}, {"model": "timetable.timetableentry", "pk": 12421, "fields": {"division": 3, "subject": 5, "teacher": 4, "classroom": 18, "time_slot": 24, "session_type": "Lecture", "generated": true, "timetable": 65}}, {"model": "timetable.timetableentry", "pk": 12422, "fields": {"division": 2, "subject": 10, "teacher": 9, "classroom": 6, "time_slot": 25, "session_type": "Lecture", "generated": true, "timetable": 65}}, {"model": "timetable.timetableentry", "pk": 12423, "fields": {"division": 13, "subject": 1, "teacher": 16, "classroom": 2, "time_slot": 29, "session_type": "Lecture", "generated": true, "timetable": 65}}, {"model": "timetable.timetableentry", "pk": 12424, "fields": {"division": 4, "subject": 3, "teacher": 2, "classroom": 3, "time_slot": 31, "session_type": "Lecture", "generated": true, "timetable": 65}}, {"model": "timetable.timetableentry", "pk": 12425, "fields": {"division": 6, "subject": 1, "teacher": 11, "classroom": 3, "time_slot": 23, "session_type": "Lecture", "generated": true, "timetable": 65}}, {"model": "timetable.timetableentry", "pk": 12426, "fields": {"division": 1, "subject": 7, "teacher": 5, "classroom": 5, "time_slot": 25, "session_type": "Lecture", "generated": true, "timetable": 65}}, {"model": "timetable.timetableentry", "pk": 12427, "fields": {"division": 6, "subject": 3, "teacher": 9, "classroom": 27, "time_slot": 20, "session_type": "Lecture", "generated": true, "timetable": 65}}, {"model": "timetable.timetableentry", "pk": 12428, "fields": {"division": 4, "subject": 6, "teacher": 12, "classroom": 1, "time_slot": 29, "session_type": "Lab", "generated": true, "timetable": 65}}, {"model": "timetable.timetableentry", "pk": 12429, "fields": {"division": 1, "subject": 11, "teacher": 10, "classroom": 5, "time_slot": 26, "session_type": "Lecture", "generated": true, "timetable": 65}}, {"model": "timetable.timetableentry", "pk": 12430, "fields": {"division": 14, "subject": 12, "teacher": 14, "classroom": 27, "time_slot": 21, "session_type": "Lecture", "generated": true, "timetable": 65}}, {"model": "timetable.timetableentry", "pk": 12431, "fields": {"division": 3, "subject": 1, "teacher": 16, "classroom": 3, "time_slot": 27, "session_type": "Lab", "generated": true, "timetable": 65}}, {"model": "timetable.timetableentry", "pk": 12432, "fields": {"division": 3, "subject": 6, "teacher": 12, "classroom": 27, "time_slot": 22, "session_type": "Lecture", "generated": true, "timetable": 65}}, {"model": "timetable.timetableentry", "pk": 12433, "fields": {"division": 18, "subject": 13, "teacher": 15, "classroom": 6, "time_slot": 22, "session_type": "Lecture", "generated": true, "timetable": 65}}, {"model": "timetable.timetableentry", "pk": 12434, "fields": {"division": 4, "subject": 1, "teacher": 16, "classroom": 4, "time_slot": 26, "session_type": "Lecture", "generated": true, "timetable": 65}}, {"model": "timetable.timetableentry", "pk": 12435, "fields": {"division": 18, "subject": 15, "teacher": 17, "classroom": 3, "time_slot": 26, "session_type": "Lab", "generated": true, "timetable": 65}}, {"model": "timetable.timetableentry", "pk": 12436, "fields": {"division": 12, "subject": 3, "teacher": 2, "classroom": 5, "time_slot": 22, "session_type": "Lecture", "generated": true, "timetable": 65}}, {"model": "timetable.timetableentry", "pk": 12437, "fields": {"division": 3, "subject": 3, "teacher": 8, "classroom": 4, "time_slot": 25, "session_type": "Lecture", "generated": true, "timetable": 65}}, {"model": "timetable.timetableentry", "pk": 12438, "fields": {"division": 13, "subject": 6, "teacher": 12, "classroom": 2, "time_slot": 28, "session_type": "Lecture", "generated": true, "timetable": 65}}, {"model": "timetable.timetableentry", "pk": 12439, "fields": {"division": 10, "subject": 14, "teacher": 19, "classroom": 19, "time_slot": 21, "session_type": "Lecture", "generated": true, "timetable": 65}}, {"model": "timetable.timetableentry", "pk": 12440, "fields": {"division": 4, "subject": 2, "teacher": 7, "classroom": 1, "time_slot": 28, "session_type": "Lecture", "generated": true, "timetable": 65}}, {"model": "timetable.timetableentry", "pk": 12441, "fields": {"division": 4, "subject": 2, "teacher": 7, "classroom": 2, "time_slot": 27, "session_type": "Lecture", "generated": true, "timetable": 65}}, {"model": "timetable.timetableentry", "pk": 12442, "fields": {"division": 13, "subject": 3, "teacher": 8, "classroom": 18, "time_slot": 21, "session_type": "Lecture", "generated": true, "timetable": 65}}, {"model": "timetable.timetableentry", "pk": 12443, "fields": {"division": 4, "subject": 3, "teacher": 2, "classroom": 7, "time_slot": 24, "session_type": "Lecture", "generated": true, "timetable": 65}}, {"model": "timetable.timetableentry", "pk": 12444, "fields": {"division": 13, "subject": 2, "teacher": 7, "classroom": 3, "time_slot": 22, "session_type": "Lecture", "generated": true, "timetable": 65}}, {"model": "timetable.timetableentry", "pk": 12445, "fields": {"division": 11, "subject": 12, "teacher": 14, "classroom": 2, "time_slot": 22, "session_type": "Lecture", "generated": true, "timetable": 65}}, {"model": "timetable.timetableentry", "pk": 12446, "fields": {"division": 11, "subject": 16, "teacher": 18, "classroom": 7, "time_slot": 21, "session_type": "Lecture", "generated": true, "timetable": 65}}, {"model": "timetable.timetableentry", "pk": 12447, "fields": {"division": 3, "subject": 2, "teacher": 7, "classroom": 6, "time_slot": 21, "session_type": "Lecture", "generated": true, "timetable": 65}}, {"model": "timetable.timetableentry", "pk": 12448, "fields": {"division": 7, "subject": 6, "teacher": 12, "classroom": 2, "time_slot": 26, "session_type": "Lecture", "generated": true, "timetable": 65}}, {"model": "timetable.timetableentry", "pk": 12449, "fields": {"division": 12, "subject": 1, "teacher": 11, "classroom": 1, "time_slot": 27, "session_type": "Lab", "generated": true, "timetable": 65}}, {"model": "timetable.timetableentry", "pk": 12450, "fields": {"division": 10, "subject": 12, "teacher": 14, "classroom": 19, "time_slot": 20, "session_type": "Lecture", "generated": true, "timetable": 65}}, {"model": "timetable.timetableentry", "pk": 12451, "fields": {"division": 4, "subject": 1, "teacher": 16, "classroom": 3, "time_slot": 25, "session_type": "Lecture", "generated": true, "timetable": 65}}, {"model": "timetable.timetableentry", "pk": 12452, "fields": {"division": 1, "subject": 7, "teacher": 5, "classroom": 6, "time_slot": 24, "session_type": "Lab", "generated": true, "timetable": 65}}, {"model": "timetable.timetableentry", "pk": 12453, "fields": {"division": 7, "subject": 6, "teacher": 12, "classroom": 5, "time_slot": 24, "session_type": "Lecture", "generated": true, "timetable": 65}}, {"model": "timetable.timetableentry", "pk": 12454, "fields": {"division": 1, "subject": 7, "teacher": 5, "classroom": 18, "time_slot": 20, "session_type": "Lecture", "generated": true, "timetable": 65}}, {"model": "timetable.timetableentry", "pk": 12455, "fields": {"division": 13, "subject": 3, "teacher": 8, "classroom": 27, "time_slot": 17, "session_type": "Lecture", "generated": true, "timetable": 65}}, {"model": "timetable.timetableentry", "pk": 12456, "fields": {"division": 14, "subject": 13, "teacher": 15, "classroom": 7, "time_slot": 20, "session_type": "Lecture", "generated": true, "timetable": 65}}, {"model": "timetable.timetableentry", "pk": 12457, "fields": {"division": 7, "subject": 3, "teacher": 2, "classroom": 5, "time_slot": 21, "session_type": "Lecture", "generated": true, "timetable": 65}}, {"model": "timetable.timetableentry", "pk": 12458, "fields": {"division": 18, "subject": 14, "teacher": 16, "classroom": 4, "time_slot": 24, "session_type": "Lab", "generated": true, "timetable": 65}}, {"model": "timetable.timetableentry", "pk": 12459, "fields": {"division": 1, "subject": 11, "teacher": 10, "classroom": 1, "time_slot": 23, "session_type": "Lecture", "generated": true, "timetable": 65}}, {"model": "timetable.timetableentry", "pk": 12460, "fields": {"division": 7, "subject": 3, "teacher": 2, "classroom": 6, "time_slot": 20, "session_type": "Lecture", "generated": true, "timetable": 65}}, {"model": "timetable.timetableentry", "pk": 12461, "fields": {"division": 4, "subject": 4, "teacher": 13, "classroom": 5, "time_slot": 20, "session_type": "Lecture", "generated": true, "timetable": 65}}, {"model": "timetable.timetableentry", "pk": 12462, "fields": {"division": 11, "subject": 16, "teacher": 18, "classroom": 4, "time_slot": 20, "session_type": "Lecture", "generated": true, "timetable": 65}}, {"model": "timetable.timetableentry", "pk": 12463, "fields": {"division": 4, "subject": 1, "teacher": 16, "classroom": 1, "time_slot": 22, "session_type": "Lecture", "generated": true, "timetable": 65}}, {"model": "timetable.timetableentry", "pk": 12464, "fields": {"division": 4, "subject": 5, "teacher": 4, "classroom": 27, "time_slot": 16, "session_type": "Lecture", "generated": true, "timetable": 65}}, {"model": "timetable.timetableentry", "pk": 12465, "fields": {"division": 14, "subject": 16, "teacher": 18, "classroom": 19, "time_slot": 16, "session_type": "Lab", "generated": true, "timetable": 65}}, {"model": "timetable.timetableentry", "pk": 12466, "fields": {"division": 13, "subject": 1, "teacher": 16, "classroom": 3, "time_slot": 20, "session_type": "Lecture", "generated": true, "timetable": 65}}, {"model": "timetable.timetableentry", "pk": 12467, "fields": {"division": 4, "subject": 6, "teacher": 12, "classroom": 27, "time_slot": 19, "session_type": "Lecture", "generated": true, "timetable": 65}}, {"model": "timetable.timetableentry", "pk": 12468, "fields": {"division": 7, "subject": 1, "teacher": 11, "classroom": 19, "time_slot": 19, "session_type": "Lecture", "generated": true, "timetable": 65}}, {"model": "timetable.timetableentry", "pk": 12469, "fields": {"division": 13, "subject": 3, "teacher": 8, "classroom": 27, "time_slot": 14, "session_type": "Lecture", "generated": true, "timetable": 65}}, {"model": "timetable.timetableentry", "pk": 12470, "fields": {"division": 14, "subject": 15, "teacher": 17, "classroom": 19, "time_slot": 18, "session_type": "Lecture", "generated": true, "timetable": 65}}, {"model": "timetable.timetableentry", "pk": 12471, "fields": {"division": 18, "subject": 15, "teacher": 17, "classroom": 18, "time_slot": 19, "session_type": "Lecture", "generated": true, "timetable": 65}}, {"model": "timetable.timetableentry", "pk": 12472, "fields": {"division": 3, "subject": 2, "teacher": 7, "classroom": 2, "time_slot": 20, "session_type": "Lecture", "generated": true, "timetable": 65}}, {"model": "timetable.timetableentry", "pk": 12473, "fields": {"division": 10, "subject": 14, "teacher": 19, "classroom": 7, "time_slot": 19, "session_type": "Lecture", "generated": true, "timetable": 65}}, {"model": "timetable.timetableentry", "pk": 12474, "fields": {"division": 3, "subject": 5, "teacher": 4, "classroom": 27, "time_slot": 15, "session_type": "Lecture", "generated": true, "timetable": 65}}, {"model": "timetable.timetableentry", "pk": 12475, "fields": {"division": 3, "subject": 6, "teacher": 12, "classroom": 19, "time_slot": 17, "session_type": "Lab", "generated": true, "timetable": 65}}, {"model": "timetable.timetableentry", "pk": 12476, "fields": {"division": 6, "subject": 3, "teacher": 9, "classroom": 6, "time_slot": 19, "session_type": "Lecture", "generated": true, "timetable": 65}}, {"model": "timetable.timetableentry", "pk": 12477, "fields": {"division": 12, "subject": 3, "teacher": 2, "classroom": 5, "time_slot": 19, "session_type": "Lecture", "generated": true, "timetable": 65}}, {"model": "timetable.timetableentry", "pk": 12478, "fields": {"division": 2, "subject": 8, "teacher": 10, "classroom": 4, "time_slot": 21, "session_type": "Lecture", "generated": true, "timetable": 65}}, {"model": "timetable.timetableentry", "pk": 12479, "fields": {"division": 6, "subject": 1, "teacher": 11, "classroom": 1, "time_slot": 26, "session_type": "Lab", "generated": true, "timetable": 65}}, {"model": "timetable.timetableentry", "pk": 12480, "fields": {"division": 2, "subject": 7, "teacher": 5, "classroom": 4, "time_slot": 19, "session_type": "Lecture", "generated": true, "timetable": 65}}, {"model": "timetable.timetableentry", "pk": 12481, "fields": {"division": 12, "subject": 1, "teacher": 11, "classroom": 18, "time_slot": 18, "session_type": "Lecture", "generated": true, "timetable": 65}}, {"model": "timetable.timetableentry", "pk": 12482, "fields": {"division": 2, "subject": 8, "teacher": 10, "classroom": 1, "time_slot": 20, "session_type": "Lecture", "generated": true, "timetable": 65}}, {"model": "timetable.timetableentry", "pk": 12483, "fields": {"division": 5, "subject": 1, "teacher": 11, "classroom": 2, "time_slot": 25, "session_type": "Lab", "generated": true, "timetable": 65}}, {"model": "timetable.timetableentry", "pk": 12484, "fields": {"division": 6, "subject": 5, "teacher": 4, "classroom": 7, "time_slot": 18, "session_type": "Lecture", "generated": true, "timetable": 65}}, {"model": "timetable.timetableentry", "pk": 12485, "fields": {"division": 10, "subject": 16, "teacher": 1, "classroom": 6, "time_slot": 18, "session_type": "Lecture", "generated": true, "timetable": 65}}, {"model": "timetable.timetableentry", "pk": 12486, "fields": {"division": 18, "subject": 12, "teacher": 14, "classroom": 5, "time_slot": 18, "session_type": "Lecture", "generated": true, "timetable": 65}}, {"model": "timetable.timetableentry", "pk": 12487, "fields": {"division": 5, "subject": 1, "teacher": 11, "classroom": 1, "time_slot": 21, "session_type": "Lecture", "generated": true, "timetable": 65}}, {"model": "timetable.timetableentry", "pk": 12488, "fields": {"division": 4, "subject": 1, "teacher": 16, "classroom": 18, "time_slot": 17, "session_type": "Lab", "generated": true, "timetable": 65}}, {"model": "timetable.timetableentry", "pk": 12489, "fields": {"division": 10, "subject": 14, "teacher": 19, "classroom": 3, "time_slot": 24, "session_type": "Lab", "generated": true, "timetable": 65}}, {"model": "timetable.timetableentry", "pk": 12490, "fields": {"division": 1, "subject": 11, "teacher": 10, "classroom": 4, "time_slot": 18, "session_type": "Lecture", "generated": true, "timetable": 65}}, {"model": "timetable.timetableentry", "pk": 12491, "fields": {"division": 14, "subject": 15, "teacher": 17, "classroom": 7, "time_slot": 17, "session_type": "Lecture", "generated": true, "timetable": 65}}, {"model": "timetable.timetableentry", "pk": 12492, "fields": {"division": 7, "subject": 1, "teacher": 11, "classroom": 18, "time_slot": 16, "session_type": "Lab", "generated": true, "timetable": 65}}, {"model": "timetable.timetableentry", "pk": 12493, "fields": {"division": 3, "subject": 2, "teacher": 7, "classroom": 3, "time_slot": 19, "session_type": "Lecture", "generated": true, "timetable": 65}}, {"model": "timetable.timetableentry", "pk": 12494, "fields": {"division": 5, "subject": 3, "teacher": 8, "classroom": 1, "time_slot": 19, "session_type": "Lecture", "generated": true, "timetable": 65}}, {"model": "timetable.timetableentry", "pk": 12495, "fields": {"division": 5, "subject": 1, "teacher": 11, "classroom": 2, "time_slot": 24, "session_type": "Lab", "generated": true, "timetable": 65}}, {"model": "timetable.timetableentry", "pk": 12496, "fields": {"division": 4, "subject": 2, "teacher": 7, "classroom": 19, "time_slot": 14, "session_type": "Lecture", "generated": true, "timetable": 65}}, {"model": "timetable.timetableentry", "pk": 12497, "fields": {"division": 12, "subject": 6, "teacher": 12, "classroom": 1, "time_slot": 25, "session_type": "Lab", "generated": true, "timetable": 65}}, {"model": "timetable.timetableentry", "pk": 12498, "fields": {"division": 5, "subject": 1, "teacher": 11, "classroom": 6, "time_slot": 17, "session_type": "Lecture", "generated": true, "timetable": 65}}, {"model": "timetable.timetableentry", "pk": 12499, "fields": {"division": 10, "subject": 16, "teacher": 1, "classroom": 5, "time_slot": 17, "session_type": "Lab", "generated": true, "timetable": 65}}, {"model": "timetable.timetableentry", "pk": 12500, "fields": {"division": 5, "subject": 3, "teacher": 8, "classroom": 7, "time_slot": 16, "session_type": "Lab", "generated": true, "timetable": 65}}, {"model": "timetable.timetableentry", "pk": 12501, "fields": {"division": 2, "subject": 9, "teacher": 1, "classroom": 1, "time_slot": 24, "session_type": "Lab", "generated": true, "timetable": 65}}, {"model": "timetable.timetableentry", "pk": 12502, "fields": {"division": 18, "subject": 16, "teacher": 18, "classroom": 4, "time_slot": 17, "session_type": "Lecture", "generated": true, "timetable": 65}}, {"model": "timetable.timetableentry", "pk": 12503, "fields": {"division": 10, "subject": 12, "teacher": 14, "classroom": 19, "time_slot": 15, "session_type": "Lecture", "generated": true, "timetable": 65}}, {"model": "timetable.timetableentry", "pk": 12504, "fields": {"division": 5, "subject": 3, "teacher": 8, "classroom": 18, "time_slot": 15, "session_type": "Lecture", "generated": true, "timetable": 65}}, {"model": "timetable.timetableentry", "pk": 12505, "fields": {"division": 13, "subject": 6, "teacher": 12, "classroom": 7, "time_slot": 15, "session_type": "Lecture", "generated": true, "timetable": 65}}, {"model": "timetable.timetableentry", "pk": 12506, "fields": {"division": 6, "subject": 6, "teacher": 12, "classroom": 6, "time_slot": 16, "session_type": "Lecture", "generated": true, "timetable": 65}}, {"model": "timetable.timetableentry", "pk": 12507, "fields": {"division": 5, "subject": 2, "teacher": 7, "classroom": 3, "time_slot": 18, "session_type": "Lecture", "generated": true, "timetable": 65}}, {"model": "timetable.timetableentry", "pk": 12508, "fields": {"division": 2, "subject": 7, "teacher": 5, "classroom": 1, "time_slot": 18, "session_type": "Lecture", "generated": true, "timetable": 65}}, {"model": "timetable.timetableentry", "pk": 12509, "fields": {"division": 7, "subject": 1, "teacher": 11, "classroom": 6, "time_slot": 15, "session_type": "Lecture", "generated": true, "timetable": 65}}, {"model": "timetable.timetableentry", "pk": 12510, "fields": {"division": 10, "subject": 15, "teacher": 17, "classroom": 5, "time_slot": 16, "session_type": "Lecture", "generated": true, "timetable": 65}}, {"model": "timetable.timetableentry", "pk": 12511, "fields": {"division": 1, "subject": 8, "teacher": 9, "classroom": 3, "time_slot": 17, "session_type": "Lecture", "generated": true, "timetable": 65}}, {"model": "timetable.timetableentry", "pk": 12512, "fields": {"division": 2, "subject": 8, "teacher": 10, "classroom": 4, "time_slot": 16, "session_type": "Lab", "generated": true, "timetable": 65}}, {"model": "timetable.timetableentry", "pk": 12513, "fields": {"division": 12, "subject": 3, "teacher": 2, "classroom": 2, "time_slot": 17, "session_type": "Lab", "generated": true, "timetable": 65}}, {"model": "timetable.timetableentry", "pk": 12514, "fields": {"division": 18, "subject": 14, "teacher": 16, "classroom": 3, "time_slot": 16, "session_type": "Lecture", "generated": true, "timetable": 65}}, {"model": "timetable.timetableentry", "pk": 12515, "fields": {"division": 6, "subject": 2, "teacher": 7, "classroom": 1, "time_slot": 17, "session_type": "Lecture", "generated": true, "timetable": 65}}, {"model": "timetable.timetableentry", "pk": 12516, "fields": {"division": 1, "subject": 9, "teacher": 9, "classroom": 2, "time_slot": 16, "session_type": "Lecture", "generated": true, "timetable": 65}}, {"model": "timetable.timetableentry", "pk": 12517, "fields": {"division": 14, "subject": 15, "teacher": 17, "classroom": 5, "time_slot": 15, "session_type": "Lecture", "generated": true, "timetable": 65}}, {"model": "timetable.timetableentry", "pk": 12518, "fields": {"division": 2, "subject": 11, "teacher": 10, "classroom": 4, "time_slot": 15, "session_type": "Lecture", "generated": true, "timetable": 65}}, {"model": "timetable.timetableentry", "pk": 12519, "fields": {"division": 5, "subject": 1, "teacher": 11, "classroom": 18, "time_slot": 14, "session_type": "Lecture", "generated": true, "timetable": 65}}, {"model": "timetable.timetableentry", "pk": 12520, "fields": {"division": 11, "subject": 15, "teacher": 1, "classroom": 27, "time_slot": 13, "session_type": "Lecture", "generated": true, "timetable": 65}}, {"model": "timetable.timetableentry", "pk": 12521, "fields": {"division": 14, "subject": 16, "teacher": 18, "classroom": 19, "time_slot": 13, "session_type": "Lecture", "generated": true, "timetable": 65}}, {"model": "timetable.timetableentry", "pk": 12522, "fields": {"division": 18, "subject": 14, "teacher": 16, "classroom": 3, "time_slot": 15, "session_type": "Lab", "generated": true, "timetable": 65}}, {"model": "timetable.timetableentry", "pk": 12523, "fields": {"division": 2, "subject": 11, "teacher": 10, "classroom": 7, "time_slot": 14, "session_type": "Lecture", "generated": true, "timetable": 65}}, {"model": "timetable.timetableentry", "pk": 12524, "fields": {"division": 12, "subject": 2, "teacher": 7, "classroom": 1, "time_slot": 16, "session_type": "Lecture", "generated": true, "timetable": 65}}, {"model": "timetable.timetableentry", "pk": 12525, "fields": {"division": 6, "subject": 3, "teacher": 9, "classroom": 2, "time_slot": 15, "session_type": "Lab", "generated": true, "timetable": 65}}, {"model": "timetable.timetableentry", "pk": 12526, "fields": {"division": 1, "subject": 8, "teacher": 9, "classroom": 6, "time_slot": 14, "session_type": "Lecture", "generated": true, "timetable": 65}}, {"model": "timetable.timetableentry", "pk": 12527, "fields": {"division": 7, "subject": 3, "teacher": 2, "classroom": 18, "time_slot": 13, "session_type": "Lecture", "generated": true, "timetable": 65}}, {"model": "timetable.timetableentry", "pk": 12528, "fields": {"division": 12, "subject": 2, "teacher": 7, "classroom": 1, "time_slot": 15, "session_type": "Lecture", "generated": true, "timetable": 65}}, {"model": "timetable.timetableentry", "pk": 12529, "fields": {"division": 12, "subject": 5, "teacher": 4, "classroom": 5, "time_slot": 14, "session_type": "Lecture", "generated": true, "timetable": 65}}, {"model": "timetable.timetableentry", "pk": 12530, "fields": {"division": 18, "subject": 16, "teacher": 18, "classroom": 4, "time_slot": 14, "session_type": "Lecture", "generated": true, "timetable": 65}}, {"model": "timetable.timetableentry", "pk": 12531, "fields": {"division": 13, "subject": 1, "teacher": 16, "classroom": 27, "time_slot": 12, "session_type": "Lab", "generated": true, "timetable": 65}}, {"model": "timetable.timetableentry", "pk": 12532, "fields": {"division": 14, "subject": 12, "teacher": 14, "classroom": 3, "time_slot": 14, "session_type": "Lecture", "generated": true, "timetable": 65}}, {"model": "timetable.timetableentry", "pk": 12533, "fields": {"division": 6, "subject": 4, "teacher": 13, "classroom": 7, "time_slot": 13, "session_type": "Lecture", "generated": true, "timetable": 65}}, {"model": "timetable.timetableentry", "pk": 12534, "fields": {"division": 10, "subject": 16, "teacher": 1, "classroom": 2, "time_slot": 14, "session_type": "Lecture", "generated": true, "timetable": 65}}, {"model": "timetable.timetableentry", "pk": 12535, "fields": {"division": 11, "subject": 14, "teacher": 19, "classroom": 19, "time_slot": 12, "session_type": "Lecture", "generated": true, "timetable": 65}}, {"model": "timetable.timetableentry", "pk": 12536, "fields": {"division": 6, "subject": 6, "teacher": 12, "classroom": 1, "time_slot": 14, "session_type": "Lecture", "generated": true, "timetable": 65}}, {"model": "timetable.timetableentry", "pk": 12537, "fields": {"division": 5, "subject": 6, "teacher": 12, "classroom": 6, "time_slot": 13, "session_type": "Lecture", "generated": true, "timetable": 65}}, {"model": "timetable.timetableentry", "pk": 12538, "fields": {"division": 10, "subject": 13, "teacher": 15, "classroom": 5, "time_slot": 13, "session_type": "Lecture", "generated": true, "timetable": 65}}, {"model": "timetable.timetableentry", "pk": 12539, "fields": {"division": 12, "subject": 6, "teacher": 12, "classroom": 18, "time_slot": 12, "session_type": "Lecture", "generated": true, "timetable": 65}}, {"model": "timetable.timetableentry", "pk": 12540, "fields": {"division": 13, "subject": 5, "teacher": 4, "classroom": 4, "time_slot": 13, "session_type": "Lecture", "generated": true, "timetable": 65}}, {"model": "timetable.timetableentry", "pk": 12541, "fields": {"division": 12, "subject": 1, "teacher": 11, "classroom": 3, "time_slot": 13, "session_type": "Lecture", "generated": true, "timetable": 65}}, {"model": "timetable.timetableentry", "pk": 12542, "fields": {"division": 7, "subject": 4, "teacher": 13, "classroom": 7, "time_slot": 12, "session_type": "Lecture", "generated": true, "timetable": 65}}, {"model": "timetable.timetableentry", "pk": 12543, "fields": {"division": 1, "subject": 11, "teacher": 10, "classroom": 2, "time_slot": 13, "session_type": "Lab", "generated": true, "timetable": 65}}, {"model": "timetable.timetableentry", "pk": 12544, "fields": {"division": 1, "subject": 10, "teacher": 2, "classroom": 6, "time_slot": 12, "session_type": "Lecture", "generated": true, "timetable": 65}}, {"model": "timetable.timetableentry", "pk": 12545, "fields": {"division": 6, "subject": 1, "teacher": 11, "classroom": 5, "time_slot": 12, "session_type": "Lecture", "generated": true, "timetable": 65}}, {"model": "timetable.timetableentry", "pk": 12546, "fields": {"division": 5, "subject": 5, "teacher": 4, "classroom": 4, "time_slot": 12, "session_type": "Lecture", "generated": true, "timetable": 65}}, {"model": "timetable.timetableentry", "pk": 12547, "fields": {"division": 18, "subject": 12, "teacher": 14, "classroom": 1, "time_slot": 13, "session_type": "Lecture", "generated": true, "timetable": 65}}, {"model": "timetable.timetableentry", "pk": 12548, "fields": {"division": 10, "subject": 12, "teacher": 14, "classroom": 3, "time_slot": 12, "session_type": "Lecture", "generated": true, "timetable": 65}}, {"model": "timetable.timetableentry", "pk": 12549, "fields": {"division": 3, "subject": 3, "teacher": 8, "classroom": 2, "time_slot": 12, "session_type": "Lab", "generated": true, "timetable": 65}}, {"model": "timetable.timetableentry", "pk": 12550, "fields": {"division": 2, "subject": 11, "teacher": 10, "classroom": 1, "time_slot": 12, "session_type": "Lecture", "generated": true, "timetable": 65}}, {"model": "timetable.timetableentry", "pk": 12551, "fields": {"division": 13, "subject": 2, "teacher": 7, "classroom": 18, "time_slot": 34, "session_type": "Lecture", "generated": true, "timetable": 66}}, {"model": "timetable.timetableentry", "pk": 12552, "fields": {"division": 10, "subject": 15, "teacher": 17, "classroom": 3, "time_slot": 41, "session_type": "Lecture", "generated": true, "timetable": 66}}, {"model": "timetable.timetableentry", "pk": 12553, "fields": {"division": 1, "subject": 8, "teacher": 10, "classroom": 5, "time_slot": 38, "session_type": "Lab", "generated": true, "timetable": 66}}, {"model": "timetable.timetableentry", "pk": 12554, "fields": {"division": 7, "subject": 1, "teacher": 11, "classroom": 7, "time_slot": 35, "session_type": "Lecture", "generated": true, "timetable": 66}}, {"model": "timetable.timetableentry", "pk": 12555, "fields": {"division": 14, "subject": 15, "teacher": 17, "classroom": 6, "time_slot": 36, "session_type": "Lecture", "generated": true, "timetable": 66}}, {"model": "timetable.timetableentry", "pk": 12556, "fields": {"division": 10, "subject": 14, "teacher": 19, "classroom": 4, "time_slot": 39, "session_type": "Lab", "generated": true, "timetable": 66}}, {"model": "timetable.timetableentry", "pk": 12557, "fields": {"division": 10, "subject": 16, "teacher": 1, "classroom": 5, "time_slot": 36, "session_type": "Lecture", "generated": true, "timetable": 66}}, {"model": "timetable.timetableentry", "pk": 12558, "fields": {"division": 10, "subject": 13, "teacher": 15, "classroom": 6, "time_slot": 35, "session_type": "Lecture", "generated": true, "timetable": 66}}, {"model": "timetable.timetableentry", "pk": 12559, "fields": {"division": 6, "subject": 3, "teacher": 8, "classroom": 4, "time_slot": 38, "session_type": "Lab", "generated": true, "timetable": 66}}, {"model": "timetable.timetableentry", "pk": 12560, "fields": {"division": 3, "subject": 3, "teacher": 8, "classroom": 5, "time_slot": 35, "session_type": "Lecture", "generated": true, "timetable": 66}}, {"model": "timetable.timetableentry", "pk": 12561, "fields": {"division": 10, "subject": 15, "teacher": 17, "classroom": 7, "time_slot": 34, "session_type": "Lecture", "generated": true, "timetable": 66}}, {"model": "timetable.timetableentry", "pk": 12562, "fields": {"division": 10, "subject": 16, "teacher": 1, "classroom": 18, "time_slot": 33, "session_type": "Lecture", "generated": true, "timetable": 66}}, {"model": "timetable.timetableentry", "pk": 12563, "fields": {"division": 6, "subject": 5, "teacher": 4, "classroom": 18, "time_slot": 31, "session_type": "Lecture", "generated": true, "timetable": 66}}, {"model": "timetable.timetableentry", "pk": 12564, "fields": {"division": 6, "subject": 1, "teacher": 16, "classroom": 7, "time_slot": 37, "session_type": "Lecture", "generated": true, "timetable": 66}}, {"model": "timetable.timetableentry", "pk": 12565, "fields": {"division": 4, "subject": 6, "teacher": 12, "classroom": 2, "time_slot": 41, "session_type": "Lecture", "generated": true, "timetable": 66}}, {"model": "timetable.timetableentry", "pk": 12566, "fields": {"division": 12, "subject": 2, "teacher": 7, "classroom": 3, "time_slot": 35, "session_type": "Lecture", "generated": true, "timetable": 66}}, {"model": "timetable.timetableentry", "pk": 12567, "fields": {"division": 10, "subject": 14, "teacher": 19, "classroom": 3, "time_slot": 38, "session_type": "Lecture", "generated": true, "timetable": 66}}, {"model": "timetable.timetableentry", "pk": 12568, "fields": {"division": 4, "subject": 4, "teacher": 13, "classroom": 27, "time_slot": 27, "session_type": "Lecture", "generated": true, "timetable": 66}}, {"model": "timetable.timetableentry", "pk": 12569, "fields": {"division": 7, "subject": 2, "teacher": 7, "classroom": 6, "time_slot": 33, "session_type": "Lecture", "generated": true, "timetable": 66}}, {"model": "timetable.timetableentry", "pk": 12570, "fields": {"division": 18, "subject": 12, "teacher": 14, "classroom": 19, "time_slot": 32, "session_type": "Lecture", "generated": true, "timetable": 66}}, {"model": "timetable.timetableentry", "pk": 12571, "fields": {"division": 3, "subject": 1, "teacher": 16, "classroom": 5, "time_slot": 34, "session_type": "Lecture", "generated": true, "timetable": 66}}, {"model": "timetable.timetableentry", "pk": 12572, "fields": {"division": 3, "subject": 3, "teacher": 8, "classroom": 4, "time_slot": 36, "session_type": "Lab", "generated": true, "timetable": 66}}, {"model": "timetable.timetableentry", "pk": 12573, "fields": {"division": 3, "subject": 3, "teacher": 8, "classroom": 27, "time_slot": 28, "session_type": "Lecture", "generated": true, "timetable": 66}}, {"model": "timetable.timetableentry", "pk": 12574, "fields": {"division": 5, "subject": 3, "teacher": 2, "classroom": 4, "time_slot": 33, "session_type": "Lecture", "generated": true, "timetable": 66}}, {"model": "timetable.timetableentry", "pk": 12575, "fields": {"division": 5, "subject": 6, "teacher": 12, "classroom": 3, "time_slot": 40, "session_type": "Lecture", "generated": true, "timetable": 66}}, {"model": "timetable.timetableentry", "pk": 12576, "fields": {"division": 18, "subject": 15, "teacher": 1, "classroom": 4, "time_slot": 34, "session_type": "Lecture", "generated": true, "timetable": 66}}, {"model": "timetable.timetableentry", "pk": 12577, "fields": {"division": 14, "subject": 14, "teacher": 19, "classroom": 6, "time_slot": 37, "session_type": "Lecture", "generated": true, "timetable": 66}}, {"model": "timetable.timetableentry", "pk": 12578, "fields": {"division": 7, "subject": 6, "teacher": 12, "classroom": 2, "time_slot": 38, "session_type": "Lab", "generated": true, "timetable": 66}}, {"model": "timetable.timetableentry", "pk": 12579, "fields": {"division": 5, "subject": 3, "teacher": 2, "classroom": 6, "time_slot": 32, "session_type": "Lecture", "generated": true, "timetable": 66}}, {"model": "timetable.timetableentry", "pk": 12580, "fields": {"division": 5, "subject": 1, "teacher": 11, "classroom": 1, "time_slot": 41, "session_type": "Lab", "generated": true, "timetable": 66}}, {"model": "timetable.timetableentry", "pk": 12581, "fields": {"division": 1, "subject": 8, "teacher": 10, "classroom": 5, "time_slot": 37, "session_type": "Lecture", "generated": true, "timetable": 66}}, {"model": "timetable.timetableentry", "pk": 12582, "fields": {"division": 12, "subject": 5, "teacher": 4, "classroom": 5, "time_slot": 32, "session_type": "Lecture", "generated": true, "timetable": 66}}, {"model": "timetable.timetableentry", "pk": 12583, "fields": {"division": 10, "subject": 12, "teacher": 14, "classroom": 27, "time_slot": 23, "session_type": "Lecture", "generated": true, "timetable": 66}}, {"model": "timetable.timetableentry", "pk": 12584, "fields": {"division": 13, "subject": 2, "teacher": 7, "classroom": 27, "time_slot": 25, "session_type": "Lecture", "generated": true, "timetable": 66}}, {"model": "timetable.timetableentry", "pk": 12585, "fields": {"division": 3, "subject": 2, "teacher": 10, "classroom": 27, "time_slot": 29, "session_type": "Lecture", "generated": true, "timetable": 66}}, {"model": "timetable.timetableentry", "pk": 12586, "fields": {"division": 7, "subject": 1, "teacher": 11, "classroom": 2, "time_slot": 40, "session_type": "Lab", "generated": true, "timetable": 66}}, {"model": "timetable.timetableentry", "pk": 12587, "fields": {"division": 13, "subject": 3, "teacher": 9, "classroom": 1, "time_slot": 40, "session_type": "Lab", "generated": true, "timetable": 66}}, {"model": "timetable.timetableentry", "pk": 12588, "fields": {"division": 4, "subject": 3, "teacher": 8, "classroom": 27, "time_slot": 30, "session_type": "Lecture", "generated": true, "timetable": 66}}, {"model": "timetable.timetableentry", "pk": 12589, "fields": {"division": 2, "subject": 9, "teacher": 9, "classroom": 3, "time_slot": 39, "session_type": "Lab", "generated": true, "timetable": 66}}, {"model": "timetable.timetableentry", "pk": 12590, "fields": {"division": 14, "subject": 14, "teacher": 19, "classroom": 19, "time_slot": 29, "session_type": "Lab", "generated": true, "timetable": 66}}, {"model": "timetable.timetableentry", "pk": 12591, "fields": {"division": 11, "subject": 16, "teacher": 18, "classroom": 18, "time_slot": 29, "session_type": "Lecture", "generated": true, "timetable": 66}}, {"model": "timetable.timetableentry", "pk": 12592, "fields": {"division": 2, "subject": 9, "teacher": 9, "classroom": 4, "time_slot": 32, "session_type": "Lecture", "generated": true, "timetable": 66}}, {"model": "timetable.timetableentry", "pk": 12593, "fields": {"division": 14, "subject": 16, "teacher": 18, "classroom": 3, "time_slot": 34, "session_type": "Lecture", "generated": true, "timetable": 66}}, {"model": "timetable.timetableentry", "pk": 12594, "fields": {"division": 12, "subject": 2, "teacher": 7, "classroom": 6, "time_slot": 31, "session_type": "Lecture", "generated": true, "timetable": 66}}, {"model": "timetable.timetableentry", "pk": 12595, "fields": {"division": 13, "subject": 6, "teacher": 12, "classroom": 4, "time_slot": 37, "session_type": "Lecture", "generated": true, "timetable": 66}}, {"model": "timetable.timetableentry", "pk": 12596, "fields": {"division": 5, "subject": 4, "teacher": 13, "classroom": 5, "time_slot": 31, "session_type": "Lecture", "generated": true, "timetable": 66}}, {"model": "timetable.timetableentry", "pk": 12597, "fields": {"division": 4, "subject": 6, "teacher": 12, "classroom": 2, "time_slot": 39, "session_type": "Lecture", "generated": true, "timetable": 66}}, {"model": "timetable.timetableentry", "pk": 12598, "fields": {"division": 2, "subject": 8, "teacher": 10, "classroom": 19, "time_slot": 28, "session_type": "Lecture", "generated": true, "timetable": 66}}, {"model": "timetable.timetableentry", "pk": 12599, "fields": {"division": 12, "subject": 3, "teacher": 2, "classroom": 7, "time_slot": 29, "session_type": "Lecture", "generated": true, "timetable": 66}}, {"model": "timetable.timetableentry", "pk": 12600, "fields": {"division": 6, "subject": 1, "teacher": 16, "classroom": 18, "time_slot": 28, "session_type": "Lecture", "generated": true, "timetable": 66}}, {"model": "timetable.timetableentry", "pk": 12601, "fields": {"division": 10, "subject": 14, "teacher": 19, "classroom": 27, "time_slot": 22, "session_type": "Lecture", "generated": true, "timetable": 66}}, {"model": "timetable.timetableentry", "pk": 12602, "fields": {"division": 10, "subject": 15, "teacher": 17, "classroom": 19, "time_slot": 25, "session_type": "Lab", "generated": true, "timetable": 66}}, {"model": "timetable.timetableentry", "pk": 12603, "fields": {"division": 1, "subject": 10, "teacher": 2, "classroom": 2, "time_slot": 34, "session_type": "Lecture", "generated": true, "timetable": 66}}, {"model": "timetable.timetableentry", "pk": 12604, "fields": {"division": 6, "subject": 3, "teacher": 8, "classroom": 19, "time_slot": 27, "session_type": "Lecture", "generated": true, "timetable": 66}}, {"model": "timetable.timetableentry", "pk": 12605, "fields": {"division": 5, "subject": 1, "teacher": 11, "classroom": 3, "time_slot": 36, "session_type": "Lab", "generated": true, "timetable": 66}}, {"model": "timetable.timetableentry", "pk": 12606, "fields": {"division": 5, "subject": 6, "teacher": 12, "classroom": 2, "time_slot": 35, "session_type": "Lecture", "generated": true, "timetable": 66}}, {"model": "timetable.timetableentry", "pk": 12607, "fields": {"division": 5, "subject": 2, "teacher": 7, "classroom": 6, "time_slot": 29, "session_type": "Lecture", "generated": true, "timetable": 66}}, {"model": "timetable.timetableentry", "pk": 12608, "fields": {"division": 13, "subject": 6, "teacher": 12, "classroom": 2, "time_slot": 36, "session_type": "Lab", "generated": true, "timetable": 66}}, {"model": "timetable.timetableentry", "pk": 12609, "fields": {"division": 14, "subject": 15, "teacher": 17, "classroom": 19, "time_slot": 23, "session_type": "Lecture", "generated": true, "timetable": 66}}, {"model": "timetable.timetableentry", "pk": 12610, "fields": {"division": 7, "subject": 3, "teacher": 2, "classroom": 18, "time_slot": 27, "session_type": "Lecture", "generated": true, "timetable": 66}}, {"model": "timetable.timetableentry", "pk": 12611, "fields": {"division": 12, "subject": 1, "teacher": 11, "classroom": 1, "time_slot": 39, "session_type": "Lab", "generated": true, "timetable": 66}}, {"model": "timetable.timetableentry", "pk": 12612, "fields": {"division": 18, "subject": 12, "teacher": 14, "classroom": 4, "time_slot": 31, "session_type": "Lecture", "generated": true, "timetable": 66}}, {"model": "timetable.timetableentry", "pk": 12613, "fields": {"division": 6, "subject": 1, "teacher": 16, "classroom": 1, "time_slot": 36, "session_type": "Lab", "generated": true, "timetable": 66}}, {"model": "timetable.timetableentry", "pk": 12614, "fields": {"division": 4, "subject": 1, "teacher": 11, "classroom": 1, "time_slot": 38, "session_type": "Lab", "generated": true, "timetable": 66}}, {"model": "timetable.timetableentry", "pk": 12615, "fields": {"division": 5, "subject": 2, "teacher": 7, "classroom": 7, "time_slot": 28, "session_type": "Lecture", "generated": true, "timetable": 66}}, {"model": "timetable.timetableentry", "pk": 12616, "fields": {"division": 12, "subject": 1, "teacher": 11, "classroom": 19, "time_slot": 30, "session_type": "Lecture", "generated": true, "timetable": 66}}, {"model": "timetable.timetableentry", "pk": 12617, "fields": {"division": 18, "subject": 16, "teacher": 18, "classroom": 3, "time_slot": 37, "session_type": "Lab", "generated": true, "timetable": 66}}, {"model": "timetable.timetableentry", "pk": 12618, "fields": {"division": 6, "subject": 6, "teacher": 12, "classroom": 1, "time_slot": 34, "session_type": "Lecture", "generated": true, "timetable": 66}}, {"model": "timetable.timetableentry", "pk": 12619, "fields": {"division": 14, "subject": 15, "teacher": 17, "classroom": 7, "time_slot": 27, "session_type": "Lab", "generated": true, "timetable": 66}}, {"model": "timetable.timetableentry", "pk": 12620, "fields": {"division": 14, "subject": 15, "teacher": 17, "classroom": 18, "time_slot": 22, "session_type": "Lecture", "generated": true, "timetable": 66}}, {"model": "timetable.timetableentry", "pk": 12621, "fields": {"division": 11, "subject": 14, "teacher": 19, "classroom": 6, "time_slot": 28, "session_type": "Lab", "generated": true, "timetable": 66}}, {"model": "timetable.timetableentry", "pk": 12622, "fields": {"division": 13, "subject": 5, "teacher": 4, "classroom": 5, "time_slot": 28, "session_type": "Lecture", "generated": true, "timetable": 66}}, {"model": "timetable.timetableentry", "pk": 12623, "fields": {"division": 14, "subject": 14, "teacher": 19, "classroom": 27, "time_slot": 26, "session_type": "Lab", "generated": true, "timetable": 66}}, {"model": "timetable.timetableentry", "pk": 12624, "fields": {"division": 13, "subject": 1, "teacher": 16, "classroom": 18, "time_slot": 21, "session_type": "Lecture", "generated": true, "timetable": 66}}, {"model": "timetable.timetableentry", "pk": 12625, "fields": {"division": 18, "subject": 16, "teacher": 18, "classroom": 18, "time_slot": 30, "session_type": "Lecture", "generated": true, "timetable": 66}}, {"model": "timetable.timetableentry", "pk": 12626, "fields": {"division": 2, "subject": 11, "teacher": 5, "classroom": 2, "time_slot": 37, "session_type": "Lab", "generated": true, "timetable": 66}}, {"model": "timetable.timetableentry", "pk": 12627, "fields": {"division": 7, "subject": 1, "teacher": 11, "classroom": 1, "time_slot": 37, "session_type": "Lab", "generated": true, "timetable": 66}}, {"model": "timetable.timetableentry", "pk": 12628, "fields": {"division": 12, "subject": 5, "teacher": 4, "classroom": 18, "time_slot": 25, "session_type": "Lecture", "generated": true, "timetable": 66}}, {"model": "timetable.timetableentry", "pk": 12629, "fields": {"division": 2, "subject": 7, "teacher": 5, "classroom": 3, "time_slot": 33, "session_type": "Lecture", "generated": true, "timetable": 66}}, {"model": "timetable.timetableentry", "pk": 12630, "fields": {"division": 5, "subject": 1, "teacher": 11, "classroom": 6, "time_slot": 27, "session_type": "Lecture", "generated": true, "timetable": 66}}, {"model": "timetable.timetableentry", "pk": 12631, "fields": {"division": 1, "subject": 9, "teacher": 9, "classroom": 1, "time_slot": 35, "session_type": "Lecture", "generated": true, "timetable": 66}}, {"model": "timetable.timetableentry", "pk": 12632, "fields": {"division": 4, "subject": 1, "teacher": 11, "classroom": 5, "time_slot": 29, "session_type": "Lecture", "generated": true, "timetable": 66}}, {"model": "timetable.timetableentry", "pk": 12633, "fields": {"division": 2, "subject": 10, "teacher": 9, "classroom": 19, "time_slot": 26, "session_type": "Lecture", "generated": true, "timetable": 66}}, {"model": "timetable.timetableentry", "pk": 12634, "fields": {"division": 7, "subject": 6, "teacher": 12, "classroom": 3, "time_slot": 32, "session_type": "Lecture", "generated": true, "timetable": 66}}, {"model": "timetable.timetableentry", "pk": 12635, "fields": {"division": 11, "subject": 15, "teacher": 17, "classroom": 27, "time_slot": 20, "session_type": "Lecture", "generated": true, "timetable": 66}}, {"model": "timetable.timetableentry", "pk": 12636, "fields": {"division": 13, "subject": 1, "teacher": 16, "classroom": 4, "time_slot": 29, "session_type": "Lab", "generated": true, "timetable": 66}}, {"model": "timetable.timetableentry", "pk": 12637, "fields": {"division": 11, "subject": 14, "teacher": 19, "classroom": 5, "time_slot": 27, "session_type": "Lab", "generated": true, "timetable": 66}}, {"model": "timetable.timetableentry", "pk": 12638, "fields": {"division": 18, "subject": 15, "teacher": 1, "classroom": 3, "time_slot": 29, "session_type": "Lecture", "generated": true, "timetable": 66}}, {"model": "timetable.timetableentry", "pk": 12639, "fields": {"division": 5, "subject": 5, "teacher": 4, "classroom": 18, "time_slot": 23, "session_type": "Lecture", "generated": true, "timetable": 66}}, {"model": "timetable.timetableentry", "pk": 12640, "fields": {"division": 18, "subject": 16, "teacher": 18, "classroom": 4, "time_slot": 28, "session_type": "Lecture", "generated": true, "timetable": 66}}, {"model": "timetable.timetableentry", "pk": 12641, "fields": {"division": 11, "subject": 16, "teacher": 18, "classroom": 7, "time_slot": 21, "session_type": "Lecture", "generated": true, "timetable": 66}}, {"model": "timetable.timetableentry", "pk": 12642, "fields": {"division": 3, "subject": 5, "teacher": 4, "classroom": 4, "time_slot": 27, "session_type": "Lecture", "generated": true, "timetable": 66}}, {"model": "timetable.timetableentry", "pk": 12643, "fields": {"division": 10, "subject": 16, "teacher": 1, "classroom": 18, "time_slot": 26, "session_type": "Lab", "generated": true, "timetable": 66}}, {"model": "timetable.timetableentry", "pk": 12644, "fields": {"division": 11, "subject": 12, "teacher": 14, "classroom": 7, "time_slot": 22, "session_type": "Lecture", "generated": true, "timetable": 66}}, {"model": "timetable.timetableentry", "pk": 12645, "fields": {"division": 7, "subject": 3, "teacher": 2, "classroom": 7, "time_slot": 23, "session_type": "Lecture", "generated": true, "timetable": 66}}, {"model": "timetable.timetableentry", "pk": 12646, "fields": {"division": 1, "subject": 7, "teacher": 5, "classroom": 2, "time_slot": 29, "session_type": "Lecture", "generated": true, "timetable": 66}}, {"model": "timetable.timetableentry", "pk": 12647, "fields": {"division": 11, "subject": 16, "teacher": 18, "classroom": 7, "time_slot": 26, "session_type": "Lab", "generated": true, "timetable": 66}}, {"model": "timetable.timetableentry", "pk": 12648, "fields": {"division": 2, "subject": 11, "teacher": 5, "classroom": 7, "time_slot": 30, "session_type": "Lecture", "generated": true, "timetable": 66}}, {"model": "timetable.timetableentry", "pk": 12649, "fields": {"division": 14, "subject": 16, "teacher": 18, "classroom": 7, "time_slot": 25, "session_type": "Lab", "generated": true, "timetable": 66}}, {"model": "timetable.timetableentry", "pk": 12650, "fields": {"division": 2, "subject": 11, "teacher": 5, "classroom": 3, "time_slot": 27, "session_type": "Lecture", "generated": true, "timetable": 66}}, {"model": "timetable.timetableentry", "pk": 12651, "fields": {"division": 18, "subject": 15, "teacher": 1, "classroom": 6, "time_slot": 25, "session_type": "Lecture", "generated": true, "timetable": 66}}, {"model": "timetable.timetableentry", "pk": 12652, "fields": {"division": 7, "subject": 6, "teacher": 12, "classroom": 1, "time_slot": 29, "session_type": "Lecture", "generated": true, "timetable": 66}}, {"model": "timetable.timetableentry", "pk": 12653, "fields": {"division": 14, "subject": 12, "teacher": 14, "classroom": 19, "time_slot": 20, "session_type": "Lecture", "generated": true, "timetable": 66}}, {"model": "timetable.timetableentry", "pk": 12654, "fields": {"division": 1, "subject": 7, "teacher": 5, "classroom": 3, "time_slot": 28, "session_type": "Lecture", "generated": true, "timetable": 66}}, {"model": "timetable.timetableentry", "pk": 12655, "fields": {"division": 4, "subject": 2, "teacher": 7, "classroom": 6, "time_slot": 26, "session_type": "Lecture", "generated": true, "timetable": 66}}, {"model": "timetable.timetableentry", "pk": 12656, "fields": {"division": 4, "subject": 2, "teacher": 7, "classroom": 27, "time_slot": 24, "session_type": "Lecture", "generated": true, "timetable": 66}}, {"model": "timetable.timetableentry", "pk": 12657, "fields": {"division": 2, "subject": 8, "teacher": 10, "classroom": 5, "time_slot": 25, "session_type": "Lecture", "generated": true, "timetable": 66}}, {"model": "timetable.timetableentry", "pk": 12658, "fields": {"division": 18, "subject": 13, "teacher": 15, "classroom": 19, "time_slot": 24, "session_type": "Lecture", "generated": true, "timetable": 66}}, {"model": "timetable.timetableentry", "pk": 12659, "fields": {"division": 2, "subject": 7, "teacher": 5, "classroom": 18, "time_slot": 24, "session_type": "Lecture", "generated": true, "timetable": 66}}, {"model": "timetable.timetableentry", "pk": 12660, "fields": {"division": 2, "subject": 8, "teacher": 10, "classroom": 18, "time_slot": 20, "session_type": "Lecture", "generated": true, "timetable": 66}}, {"model": "timetable.timetableentry", "pk": 12661, "fields": {"division": 2, "subject": 9, "teacher": 9, "classroom": 6, "time_slot": 22, "session_type": "Lecture", "generated": true, "timetable": 66}}, {"model": "timetable.timetableentry", "pk": 12662, "fields": {"division": 4, "subject": 1, "teacher": 11, "classroom": 2, "time_slot": 28, "session_type": "Lecture", "generated": true, "timetable": 66}}, {"model": "timetable.timetableentry", "pk": 12663, "fields": {"division": 5, "subject": 5, "teacher": 4, "classroom": 5, "time_slot": 22, "session_type": "Lecture", "generated": true, "timetable": 66}}, {"model": "timetable.timetableentry", "pk": 12664, "fields": {"division": 1, "subject": 11, "teacher": 10, "classroom": 5, "time_slot": 23, "session_type": "Lecture", "generated": true, "timetable": 66}}, {"model": "timetable.timetableentry", "pk": 12665, "fields": {"division": 10, "subject": 15, "teacher": 17, "classroom": 19, "time_slot": 18, "session_type": "Lecture", "generated": true, "timetable": 66}}, {"model": "timetable.timetableentry", "pk": 12666, "fields": {"division": 10, "subject": 12, "teacher": 14, "classroom": 6, "time_slot": 21, "session_type": "Lecture", "generated": true, "timetable": 66}}, {"model": "timetable.timetableentry", "pk": 12667, "fields": {"division": 11, "subject": 12, "teacher": 14, "classroom": 18, "time_slot": 18, "session_type": "Lecture", "generated": true, "timetable": 66}}, {"model": "timetable.timetableentry", "pk": 12668, "fields": {"division": 7, "subject": 1, "teacher": 11, "classroom": 7, "time_slot": 24, "session_type": "Lecture", "generated": true, "timetable": 66}}, {"model": "timetable.timetableentry", "pk": 12669, "fields": {"division": 4, "subject": 2, "teacher": 7, "classroom": 4, "time_slot": 23, "session_type": "Lecture", "generated": true, "timetable": 66}}, {"model": "timetable.timetableentry", "pk": 12670, "fields": {"division": 5, "subject": 1, "teacher": 11, "classroom": 5, "time_slot": 26, "session_type": "Lecture", "generated": true, "timetable": 66}}, {"model": "timetable.timetableentry", "pk": 12671, "fields": {"division": 2, "subject": 9, "teacher": 9, "classroom": 7, "time_slot": 18, "session_type": "Lecture", "generated": true, "timetable": 66}}, {"model": "timetable.timetableentry", "pk": 12672, "fields": {"division": 3, "subject": 2, "teacher": 10, "classroom": 4, "time_slot": 26, "session_type": "Lecture", "generated": true, "timetable": 66}}, {"model": "timetable.timetableentry", "pk": 12673, "fields": {"division": 4, "subject": 1, "teacher": 11, "classroom": 3, "time_slot": 21, "session_type": "Lecture", "generated": true, "timetable": 66}}, {"model": "timetable.timetableentry", "pk": 12674, "fields": {"division": 5, "subject": 1, "teacher": 11, "classroom": 4, "time_slot": 25, "session_type": "Lecture", "generated": true, "timetable": 66}}, {"model": "timetable.timetableentry", "pk": 12675, "fields": {"division": 18, "subject": 16, "teacher": 18, "classroom": 3, "time_slot": 23, "session_type": "Lecture", "generated": true, "timetable": 66}}, {"model": "timetable.timetableentry", "pk": 12676, "fields": {"division": 10, "subject": 14, "teacher": 19, "classroom": 6, "time_slot": 24, "session_type": "Lab", "generated": true, "timetable": 66}}, {"model": "timetable.timetableentry", "pk": 12677, "fields": {"division": 4, "subject": 3, "teacher": 8, "classroom": 27, "time_slot": 19, "session_type": "Lecture", "generated": true, "timetable": 66}}, {"model": "timetable.timetableentry", "pk": 12678, "fields": {"division": 3, "subject": 3, "teacher": 8, "classroom": 2, "time_slot": 21, "session_type": "Lecture", "generated": true, "timetable": 66}}, {"model": "timetable.timetableentry", "pk": 12679, "fields": {"division": 13, "subject": 6, "teacher": 12, "classroom": 3, "time_slot": 26, "session_type": "Lecture", "generated": true, "timetable": 66}}, {"model": "timetable.timetableentry", "pk": 12680, "fields": {"division": 12, "subject": 1, "teacher": 11, "classroom": 3, "time_slot": 22, "session_type": "Lecture", "generated": true, "timetable": 66}}, {"model": "timetable.timetableentry", "pk": 12681, "fields": {"division": 6, "subject": 1, "teacher": 16, "classroom": 2, "time_slot": 23, "session_type": "Lecture", "generated": true, "timetable": 66}}, {"model": "timetable.timetableentry", "pk": 12682, "fields": {"division": 6, "subject": 4, "teacher": 13, "classroom": 1, "time_slot": 21, "session_type": "Lecture", "generated": true, "timetable": 66}}, {"model": "timetable.timetableentry", "pk": 12683, "fields": {"division": 18, "subject": 14, "teacher": 16, "classroom": 2, "time_slot": 22, "session_type": "Lecture", "generated": true, "timetable": 66}}, {"model": "timetable.timetableentry", "pk": 12684, "fields": {"division": 13, "subject": 3, "teacher": 9, "classroom": 7, "time_slot": 20, "session_type": "Lecture", "generated": true, "timetable": 66}}, {"model": "timetable.timetableentry", "pk": 12685, "fields": {"division": 7, "subject": 1, "teacher": 11, "classroom": 6, "time_slot": 20, "session_type": "Lecture", "generated": true, "timetable": 66}}, {"model": "timetable.timetableentry", "pk": 12686, "fields": {"division": 1, "subject": 11, "teacher": 10, "classroom": 1, "time_slot": 22, "session_type": "Lecture", "generated": true, "timetable": 66}}, {"model": "timetable.timetableentry", "pk": 12687, "fields": {"division": 7, "subject": 4, "teacher": 13, "classroom": 5, "time_slot": 18, "session_type": "Lecture", "generated": true, "timetable": 66}}, {"model": "timetable.timetableentry", "pk": 12688, "fields": {"division": 12, "subject": 6, "teacher": 12, "classroom": 1, "time_slot": 28, "session_type": "Lecture", "generated": true, "timetable": 66}}, {"model": "timetable.timetableentry", "pk": 12689, "fields": {"division": 12, "subject": 6, "teacher": 12, "classroom": 2, "time_slot": 27, "session_type": "Lab", "generated": true, "timetable": 66}}, {"model": "timetable.timetableentry", "pk": 12690, "fields": {"division": 12, "subject": 6, "teacher": 12, "classroom": 5, "time_slot": 20, "session_type": "Lecture", "generated": true, "timetable": 66}}, {"model": "timetable.timetableentry", "pk": 12691, "fields": {"division": 2, "subject": 11, "teacher": 5, "classroom": 27, "time_slot": 16, "session_type": "Lecture", "generated": true, "timetable": 66}}, {"model": "timetable.timetableentry", "pk": 12692, "fields": {"division": 14, "subject": 16, "teacher": 18, "classroom": 4, "time_slot": 18, "session_type": "Lecture", "generated": true, "timetable": 66}}, {"model": "timetable.timetableentry", "pk": 12693, "fields": {"division": 4, "subject": 5, "teacher": 4, "classroom": 4, "time_slot": 20, "session_type": "Lecture", "generated": true, "timetable": 66}}, {"model": "timetable.timetableentry", "pk": 12694, "fields": {"division": 4, "subject": 3, "teacher": 8, "classroom": 19, "time_slot": 16, "session_type": "Lab", "generated": true, "timetable": 66}}, {"model": "timetable.timetableentry", "pk": 12695, "fields": {"division": 14, "subject": 16, "teacher": 18, "classroom": 27, "time_slot": 17, "session_type": "Lecture", "generated": true, "timetable": 66}}, {"model": "timetable.timetableentry", "pk": 12696, "fields": {"division": 12, "subject": 1, "teacher": 11, "classroom": 19, "time_slot": 19, "session_type": "Lecture", "generated": true, "timetable": 66}}, {"model": "timetable.timetableentry", "pk": 12697, "fields": {"division": 2, "subject": 8, "teacher": 10, "classroom": 27, "time_slot": 15, "session_type": "Lab", "generated": true, "timetable": 66}}, {"model": "timetable.timetableentry", "pk": 12698, "fields": {"division": 4, "subject": 6, "teacher": 12, "classroom": 3, "time_slot": 25, "session_type": "Lab", "generated": true, "timetable": 66}}, {"model": "timetable.timetableentry", "pk": 12699, "fields": {"division": 18, "subject": 15, "teacher": 1, "classroom": 19, "time_slot": 15, "session_type": "Lab", "generated": true, "timetable": 66}}, {"model": "timetable.timetableentry", "pk": 12700, "fields": {"division": 11, "subject": 15, "teacher": 17, "classroom": 18, "time_slot": 19, "session_type": "Lecture", "generated": true, "timetable": 66}}, {"model": "timetable.timetableentry", "pk": 12701, "fields": {"division": 3, "subject": 6, "teacher": 12, "classroom": 1, "time_slot": 23, "session_type": "Lecture", "generated": true, "timetable": 66}}, {"model": "timetable.timetableentry", "pk": 12702, "fields": {"division": 14, "subject": 12, "teacher": 14, "classroom": 18, "time_slot": 16, "session_type": "Lecture", "generated": true, "timetable": 66}}, {"model": "timetable.timetableentry", "pk": 12703, "fields": {"division": 18, "subject": 14, "teacher": 16, "classroom": 1, "time_slot": 27, "session_type": "Lab", "generated": true, "timetable": 66}}, {"model": "timetable.timetableentry", "pk": 12704, "fields": {"division": 18, "subject": 14, "teacher": 16, "classroom": 3, "time_slot": 20, "session_type": "Lecture", "generated": true, "timetable": 66}}, {"model": "timetable.timetableentry", "pk": 12705, "fields": {"division": 13, "subject": 5, "teacher": 4, "classroom": 7, "time_slot": 19, "session_type": "Lecture", "generated": true, "timetable": 66}}, {"model": "timetable.timetableentry", "pk": 12706, "fields": {"division": 1, "subject": 7, "teacher": 5, "classroom": 2, "time_slot": 26, "session_type": "Lab", "generated": true, "timetable": 66}}, {"model": "timetable.timetableentry", "pk": 12707, "fields": {"division": 3, "subject": 4, "teacher": 13, "classroom": 2, "time_slot": 20, "session_type": "Lecture", "generated": true, "timetable": 66}}, {"model": "timetable.timetableentry", "pk": 12708, "fields": {"division": 11, "subject": 15, "teacher": 17, "classroom": 5, "time_slot": 24, "session_type": "Lab", "generated": true, "timetable": 66}}, {"model": "timetable.timetableentry", "pk": 12709, "fields": {"division": 6, "subject": 1, "teacher": 16, "classroom": 1, "time_slot": 26, "session_type": "Lab", "generated": true, "timetable": 66}}, {"model": "timetable.timetableentry", "pk": 12710, "fields": {"division": 11, "subject": 12, "teacher": 14, "classroom": 19, "time_slot": 17, "session_type": "Lecture", "generated": true, "timetable": 66}}, {"model": "timetable.timetableentry", "pk": 12711, "fields": {"division": 12, "subject": 3, "teacher": 2, "classroom": 3, "time_slot": 18, "session_type": "Lecture", "generated": true, "timetable": 66}}, {"model": "timetable.timetableentry", "pk": 12712, "fields": {"division": 7, "subject": 2, "teacher": 7, "classroom": 18, "time_slot": 17, "session_type": "Lecture", "generated": true, "timetable": 66}}, {"model": "timetable.timetableentry", "pk": 12713, "fields": {"division": 4, "subject": 5, "teacher": 4, "classroom": 7, "time_slot": 17, "session_type": "Lecture", "generated": true, "timetable": 66}}, {"model": "timetable.timetableentry", "pk": 12714, "fields": {"division": 1, "subject": 10, "teacher": 2, "classroom": 1, "time_slot": 20, "session_type": "Lecture", "generated": true, "timetable": 66}}, {"model": "timetable.timetableentry", "pk": 12715, "fields": {"division": 14, "subject": 13, "teacher": 15, "classroom": 18, "time_slot": 15, "session_type": "Lecture", "generated": true, "timetable": 66}}, {"model": "timetable.timetableentry", "pk": 12716, "fields": {"division": 5, "subject": 3, "teacher": 2, "classroom": 4, "time_slot": 24, "session_type": "Lab", "generated": true, "timetable": 66}}, {"model": "timetable.timetableentry", "pk": 12717, "fields": {"division": 10, "subject": 12, "teacher": 14, "classroom": 27, "time_slot": 14, "session_type": "Lecture", "generated": true, "timetable": 66}}, {"model": "timetable.timetableentry", "pk": 12718, "fields": {"division": 13, "subject": 2, "teacher": 7, "classroom": 2, "time_slot": 18, "session_type": "Lecture", "generated": true, "timetable": 66}}, {"model": "timetable.timetableentry", "pk": 12719, "fields": {"division": 12, "subject": 1, "teacher": 11, "classroom": 6, "time_slot": 17, "session_type": "Lab", "generated": true, "timetable": 66}}, {"model": "timetable.timetableentry", "pk": 12720, "fields": {"division": 4, "subject": 3, "teacher": 8, "classroom": 19, "time_slot": 14, "session_type": "Lecture", "generated": true, "timetable": 66}}, {"model": "timetable.timetableentry", "pk": 12721, "fields": {"division": 1, "subject": 8, "teacher": 10, "classroom": 1, "time_slot": 18, "session_type": "Lecture", "generated": true, "timetable": 66}}, {"model": "timetable.timetableentry", "pk": 12722, "fields": {"division": 13, "subject": 4, "teacher": 13, "classroom": 5, "time_slot": 17, "session_type": "Lecture", "generated": true, "timetable": 66}}, {"model": "timetable.timetableentry", "pk": 12723, "fields": {"division": 12, "subject": 2, "teacher": 7, "classroom": 7, "time_slot": 16, "session_type": "Lecture", "generated": true, "timetable": 66}}, {"model": "timetable.timetableentry", "pk": 12724, "fields": {"division": 1, "subject": 9, "teacher": 9, "classroom": 2, "time_slot": 25, "session_type": "Lab", "generated": true, "timetable": 66}}, {"model": "timetable.timetableentry", "pk": 12725, "fields": {"division": 3, "subject": 6, "teacher": 12, "classroom": 5, "time_slot": 19, "session_type": "Lecture", "generated": true, "timetable": 66}}, {"model": "timetable.timetableentry", "pk": 12726, "fields": {"division": 3, "subject": 1, "teacher": 16, "classroom": 1, "time_slot": 25, "session_type": "Lab", "generated": true, "timetable": 66}}, {"model": "timetable.timetableentry", "pk": 12727, "fields": {"division": 11, "subject": 16, "teacher": 18, "classroom": 6, "time_slot": 16, "session_type": "Lecture", "generated": true, "timetable": 66}}, {"model": "timetable.timetableentry", "pk": 12728, "fields": {"division": 1, "subject": 11, "teacher": 10, "classroom": 3, "time_slot": 19, "session_type": "Lecture", "generated": true, "timetable": 66}}, {"model": "timetable.timetableentry", "pk": 12729, "fields": {"division": 6, "subject": 2, "teacher": 7, "classroom": 2, "time_slot": 19, "session_type": "Lecture", "generated": true, "timetable": 66}}, {"model": "timetable.timetableentry", "pk": 12730, "fields": {"division": 6, "subject": 6, "teacher": 12, "classroom": 3, "time_slot": 24, "session_type": "Lab", "generated": true, "timetable": 66}}, {"model": "timetable.timetableentry", "pk": 12731, "fields": {"division": 11, "subject": 15, "teacher": 17, "classroom": 7, "time_slot": 15, "session_type": "Lecture", "generated": true, "timetable": 66}}, {"model": "timetable.timetableentry", "pk": 12732, "fields": {"division": 13, "subject": 1, "teacher": 16, "classroom": 2, "time_slot": 24, "session_type": "Lab", "generated": true, "timetable": 66}}, {"model": "timetable.timetableentry", "pk": 12733, "fields": {"division": 3, "subject": 1, "teacher": 16, "classroom": 4, "time_slot": 17, "session_type": "Lecture", "generated": true, "timetable": 66}}, {"model": "timetable.timetableentry", "pk": 12734, "fields": {"division": 13, "subject": 1, "teacher": 16, "classroom": 5, "time_slot": 16, "session_type": "Lecture", "generated": true, "timetable": 66}}, {"model": "timetable.timetableentry", "pk": 12735, "fields": {"division": 7, "subject": 5, "teacher": 4, "classroom": 6, "time_slot": 15, "session_type": "Lecture", "generated": true, "timetable": 66}}, {"model": "timetable.timetableentry", "pk": 12736, "fields": {"division": 11, "subject": 14, "teacher": 19, "classroom": 18, "time_slot": 14, "session_type": "Lecture", "generated": true, "timetable": 66}}, {"model": "timetable.timetableentry", "pk": 12737, "fields": {"division": 2, "subject": 7, "teacher": 5, "classroom": 7, "time_slot": 14, "session_type": "Lecture", "generated": true, "timetable": 66}}, {"model": "timetable.timetableentry", "pk": 12738, "fields": {"division": 5, "subject": 6, "teacher": 12, "classroom": 5, "time_slot": 15, "session_type": "Lab", "generated": true, "timetable": 66}}, {"model": "timetable.timetableentry", "pk": 12739, "fields": {"division": 10, "subject": 16, "teacher": 1, "classroom": 27, "time_slot": 13, "session_type": "Lecture", "generated": true, "timetable": 66}}, {"model": "timetable.timetableentry", "pk": 12740, "fields": {"division": 1, "subject": 11, "teacher": 10, "classroom": 1, "time_slot": 24, "session_type": "Lab", "generated": true, "timetable": 66}}, {"model": "timetable.timetableentry", "pk": 12741, "fields": {"division": 7, "subject": 2, "teacher": 7, "classroom": 6, "time_slot": 14, "session_type": "Lecture", "generated": true, "timetable": 66}}, {"model": "timetable.timetableentry", "pk": 12742, "fields": {"division": 11, "subject": 14, "teacher": 19, "classroom": 19, "time_slot": 13, "session_type": "Lecture", "generated": true, "timetable": 66}}, {"model": "timetable.timetableentry", "pk": 12743, "fields": {"division": 6, "subject": 3, "teacher": 8, "classroom": 3, "time_slot": 17, "session_type": "Lecture", "generated": true, "timetable": 66}}, {"model": "timetable.timetableentry", "pk": 12744, "fields": {"division": 3, "subject": 5, "teacher": 4, "classroom": 5, "time_slot": 14, "session_type": "Lecture", "generated": true, "timetable": 66}}, {"model": "timetable.timetableentry", "pk": 12745, "fields": {"division": 3, "subject": 6, "teacher": 12, "classroom": 4, "time_slot": 16, "session_type": "Lab", "generated": true, "timetable": 66}}, {"model": "timetable.timetableentry", "pk": 12746, "fields": {"division": 5, "subject": 3, "teacher": 2, "classroom": 2, "time_slot": 17, "session_type": "Lecture", "generated": true, "timetable": 66}}, {"model": "timetable.timetableentry", "pk": 12747, "fields": {"division": 1, "subject": 8, "teacher": 10, "classroom": 1, "time_slot": 17, "session_type": "Lecture", "generated": true, "timetable": 66}}, {"model": "timetable.timetableentry", "pk": 12748, "fields": {"division": 7, "subject": 3, "teacher": 2, "classroom": 3, "time_slot": 16, "session_type": "Lecture", "generated": true, "timetable": 66}}, {"model": "timetable.timetableentry", "pk": 12749, "fields": {"division": 1, "subject": 9, "teacher": 9, "classroom": 2, "time_slot": 16, "session_type": "Lecture", "generated": true, "timetable": 66}}, {"model": "timetable.timetableentry", "pk": 12750, "fields": {"division": 4, "subject": 1, "teacher": 11, "classroom": 27, "time_slot": 12, "session_type": "Lab", "generated": true, "timetable": 66}}, {"model": "timetable.timetableentry", "pk": 12751, "fields": {"division": 11, "subject": 13, "teacher": 15, "classroom": 19, "time_slot": 12, "session_type": "Lecture", "generated": true, "timetable": 66}}, {"model": "timetable.timetableentry", "pk": 12752, "fields": {"division": 3, "subject": 2, "teacher": 10, "classroom": 18, "time_slot": 13, "session_type": "Lecture", "generated": true, "timetable": 66}}, {"model": "timetable.timetableentry", "pk": 12753, "fields": {"division": 12, "subject": 3, "teacher": 2, "classroom": 4, "time_slot": 15, "session_type": "Lab", "generated": true, "timetable": 66}}, {"model": "timetable.timetableentry", "pk": 12754, "fields": {"division": 5, "subject": 2, "teacher": 7, "classroom": 7, "time_slot": 13, "session_type": "Lecture", "generated": true, "timetable": 66}}, {"model": "timetable.timetableentry", "pk": 12755, "fields": {"division": 6, "subject": 5, "teacher": 4, "classroom": 1, "time_slot": 16, "session_type": "Lecture", "generated": true, "timetable": 66}}, {"model": "timetable.timetableentry", "pk": 12756, "fields": {"division": 3, "subject": 1, "teacher": 16, "classroom": 3, "time_slot": 15, "session_type": "Lecture", "generated": true, "timetable": 66}}, {"model": "timetable.timetableentry", "pk": 12757, "fields": {"division": 12, "subject": 3, "teacher": 2, "classroom": 4, "time_slot": 14, "session_type": "Lecture", "generated": true, "timetable": 66}}, {"model": "timetable.timetableentry", "pk": 12758, "fields": {"division": 1, "subject": 7, "teacher": 5, "classroom": 18, "time_slot": 12, "session_type": "Lecture", "generated": true, "timetable": 66}}, {"model": "timetable.timetableentry", "pk": 12759, "fields": {"division": 1, "subject": 9, "teacher": 9, "classroom": 3, "time_slot": 14, "session_type": "Lecture", "generated": true, "timetable": 66}}, {"model": "timetable.timetableentry", "pk": 12760, "fields": {"division": 18, "subject": 14, "teacher": 16, "classroom": 6, "time_slot": 13, "session_type": "Lab", "generated": true, "timetable": 66}}, {"model": "timetable.timetableentry", "pk": 12761, "fields": {"division": 13, "subject": 3, "teacher": 9, "classroom": 2, "time_slot": 15, "session_type": "Lecture", "generated": true, "timetable": 66}}, {"model": "timetable.timetableentry", "pk": 12762, "fields": {"division": 6, "subject": 2, "teacher": 7, "classroom": 1, "time_slot": 15, "session_type": "Lecture", "generated": true, "timetable": 66}}, {"model": "timetable.timetableentry", "pk": 12763, "fields": {"division": 6, "subject": 6, "teacher": 12, "classroom": 2, "time_slot": 14, "session_type": "Lecture", "generated": true, "timetable": 66}}, {"model": "timetable.timetableentry", "pk": 12764, "fields": {"division": 6, "subject": 3, "teacher": 8, "classroom": 5, "time_slot": 13, "session_type": "Lecture", "generated": true, "timetable": 66}}, {"model": "timetable.timetableentry", "pk": 12765, "fields": {"division": 13, "subject": 1, "teacher": 16, "classroom": 1, "time_slot": 14, "session_type": "Lecture", "generated": true, "timetable": 66}}, {"model": "timetable.timetableentry", "pk": 12766, "fields": {"division": 7, "subject": 3, "teacher": 2, "classroom": 4, "time_slot": 13, "session_type": "Lab", "generated": true, "timetable": 66}}, {"model": "timetable.timetableentry", "pk": 12767, "fields": {"division": 7, "subject": 5, "teacher": 4, "classroom": 7, "time_slot": 12, "session_type": "Lecture", "generated": true, "timetable": 66}}, {"model": "timetable.timetableentry", "pk": 12768, "fields": {"division": 3, "subject": 1, "teacher": 16, "classroom": 6, "time_slot": 12, "session_type": "Lab", "generated": true, "timetable": 66}}, {"model": "timetable.timetableentry", "pk": 12769, "fields": {"division": 13, "subject": 3, "teacher": 9, "classroom": 3, "time_slot": 13, "session_type": "Lecture", "generated": true, "timetable": 66}}, {"model": "timetable.timetableentry", "pk": 12770, "fields": {"division": 14, "subject": 12, "teacher": 14, "classroom": 2, "time_slot": 13, "session_type": "Lecture", "generated": true, "timetable": 66}}, {"model": "timetable.timetableentry", "pk": 12771, "fields": {"division": 14, "subject": 14, "teacher": 19, "classroom": 5, "time_slot": 12, "session_type": "Lecture", "generated": true, "timetable": 66}}, {"model": "timetable.timetableentry", "pk": 12772, "fields": {"division": 12, "subject": 4, "teacher": 13, "classroom": 4, "time_slot": 12, "session_type": "Lecture", "generated": true, "timetable": 66}}, {"model": "timetable.timetableentry", "pk": 12773, "fields": {"division": 2, "subject": 7, "teacher": 5, "classroom": 1, "time_slot": 13, "session_type": "Lab", "generated": true, "timetable": 66}}, {"model": "timetable.timetableentry", "pk": 12774, "fields": {"division": 6, "subject": 2, "teacher": 7, "classroom": 3, "time_slot": 12, "session_type": "Lecture", "generated": true, "timetable": 66}}, {"model": "timetable.timetableentry", "pk": 12775, "fields": {"division": 18, "subject": 12, "teacher": 14, "classroom": 2, "time_slot": 12, "session_type": "Lecture", "generated": true, "timetable": 66}}, {"model": "timetable.timetableentry", "pk": 12776, "fields": {"division": 2, "subject": 10, "teacher": 9, "classroom": 1, "time_slot": 12, "session_type": "Lecture", "generated": true, "timetable": 66}}, {"model": "users.user", "pk": 1, "fields": {"password": "pbkdf2_sha256$1000000$pmGk7XSAZvamgFK1mxNygL$wu3ExxyZ7FDxPiT+6vCqw23VcIT9SjJzmTmn9wPWRUo=", "email": "admin@gmail.com", "full_name": "admin", "gender": "Male", "phone_number": "+919316234654", "role": "Admin", "is_active": true, "is_staff": true, "is_superuser": true, "date_joined": "2025-10-11T02:31:36.596Z", "last_login": "2025-11-16T12:35:10.116Z", "groups": [], "user_permissions": []}}, {"model": "users.user", "pk": 2, "fields": {"password": "pbkdf2_sha256$1000000$pmGk7XSAZvamgFK1mxNygL$wu3ExxyZ7FDxPiT+6vCqw23VcIT9SjJzmTmn9wPWRUo=", "email": "vikash@gmail.com", "full_name": "Vikash", "gender": "Male", "phone_number": "+919301234567", "role": "Teacher", "is_active": true, "is_staff": false, "is_superuser": false, "date_joined": "2025-10-13T00:00:00Z", "last_login": "2025-10-13T05:09:21.546Z", "groups": [], "user_permissions": []}}, {"model": "users.user", "pk": 3, "fields": {"password": "pbkdf2_sha256$1000000$pmGk7XSAZvamgFK1mxNygL$wu3ExxyZ7FDxPiT+6vCqw23VcIT9SjJzmTmn9wPWRUo=", "email": "chandrashekhar@gmail.com", "full_name": "Chndrashekhar", "gender": "Male", "phone_number": "+919302345678", "role": "Teacher", "is_active": true, "is_staff": false, "is_superuser": false, "date_joined": "2025-10-13T00:00:00Z", "last_login": "2025-10-13T05:09:21.546Z", "groups": [], "user_permissions": []}}, {"model": "users.user", "pk": 4, "fields": {"password": "pbkdf2_sha256$1000000$pmGk7XSAZvamgFK1mxNygL$wu3ExxyZ7FDxPiT+6vCqw23VcIT9SjJzmTmn9wPWRUo=", "email": "yash@gmail.com", "full_name": "Yash", "gender": "Male", "phone_number": "+919303456789", "role": "Teacher", "is_active": true, "is_staff": false, "is_superuser": false, "date_joined": "2025-10-13T00:00:00Z", "last_login": "2025-10-13T05:09:21.546Z", "groups": [], "user_permissions": []}}, {"model": "users.user", "pk": 5, "fields": {"password": "pbkdf2_sha256$1000000$pmGk7XSAZvamgFK1mxNygL$wu3ExxyZ7FDxPiT+6vCqw23VcIT9SjJzmTmn9wPWRUo=", "email": "bumika@gmail.com", "full_name": "Bumika", "gender": "Female", "phone_number": "+919304567890", "role": "Teacher", "is_active": true, "is_staff": false, "is_superuser": false, "date_joined": "2025-10-13T00:00:00Z", "last_login": "2025-10-13T05:09:21.546Z", "groups": [], "user_permissions": []}}, {"model": "users.user", "pk": 6, "fields": {"password": "pbkdf2_sha256$1000000$pmGk7XSAZvamgFK1mxNygL$wu3ExxyZ7FDxPiT+6vCqw23VcIT9SjJzmTmn9wPWRUo=", "email": "akruti@gmail.com", "full_name": "Akruti", "gender": "Female", "phone_number": "+919305678901", "role": "Teacher", "is_active": true, "is_staff": false, "is_superuser": false, "date_joined": "2025-10-13T00:00:00Z", "last_login": "2025-10-13T05:09:21.546Z", "groups": [], "user_permissions": []}}, {"model": "users.user", "pk": 7, "fields": {"password": "pbkdf2_sha256$1000000$pmGk7XSAZvamgFK1mxNygL$wu3ExxyZ7FDxPiT+6vCqw23VcIT9SjJzmTmn9wPWRUo=", "email": "raj@gmail.com", "full_name": "Raj", "gender": "Male", "phone_number": "+919306789012", "role": "Teacher", "is_active": true, "is_staff": false, "is_superuser": false, "date_joined": "2025-10-13T00:00:00Z", "last_login": "2025-10-13T05:09:21.546Z", "groups": [], "user_permissions": []}}, {"model": "users.user", "pk": 8, "fields": {"password": "pbkdf2_sha256$1000000$pmGk7XSAZvamgFK1mxNygL$wu3ExxyZ7FDxPiT+6vCqw23VcIT9SjJzmTmn9wPWRUo=", "email": "ekanyappan@gmail.com", "full_name": "E Kanyappan", "gender": "Male", "phone_number": "+919307890123", "role": "Teacher", "is_active": true, "is_staff": false, "is_superuser": false, "date_joined": "2025-10-13T00:00:00Z", "last_login": "2025-10-13T05:09:21.546Z", "groups": [], "user_permissions": []}}, {"model": "users.user", "pk": 9, "fields": {"password": "pbkdf2_sha256$1000000$pmGk7XSAZvamgFK1mxNygL$wu3ExxyZ7FDxPiT+6vCqw23VcIT9SjJzmTmn9wPWRUo=", "email": "sudhenduprince@gmail.com", "full_name": "Sudhendu Prince", "gender": "Male", "phone_number": "+919308901234", "role": "Teacher", "is_active": true, "is_staff": false, "is_superuser": false, "date_joined": "2025-10-13T00:00:00Z", "last_login": "2025-10-13T05:09:21.546Z", "groups": [], "user_permissions": []}}, {"model": "users.user", "pk": 10, "fields": {"password": "pbkdf2_sha256$1000000$pmGk7XSAZvamgFK1mxNygL$wu3ExxyZ7FDxPiT+6vCqw23VcIT9SjJzmTmn9wPWRUo=", "email": "anushamarada@gmail.com", "full_name": "Anusha Marada", "gender": "Female", "phone_number": "+919309012345", "role": "Teacher", "is_active": true, "is_staff": false, "is_superuser": false, "date_joined": "2025-10-13T00:00:00Z", "last_login": "2025-10-13T05:09:21.546Z", "groups": [], "user_permissions": []}}, {"model": "users.user", "pk": 11, "fields": {"password": "pbkdf2_sha256$1000000$pmGk7XSAZvamgFK1mxNygL$wu3ExxyZ7FDxPiT+6vCqw23VcIT9SjJzmTmn9wPWRUo=", "email": "abhirupsinha@gmail.com", "full_name": "Abhirup Sinha", "gender": "Male", "phone_number": "+919310123456", "role": "Teacher", "is_active": true, "is_staff": false, "is_superuser": false, "date_joined": "2025-10-13T00:00:00Z", "last_login": "2025-10-13T05:09:21.546Z", "groups": [], "user_permissions": []}}, {"model": "users.user", "pk": 12, "fields": {"password": "pbkdf2_sha256$1000000$pmGk7XSAZvamgFK1mxNygL$wu3ExxyZ7FDxPiT+6vCqw23VcIT9SjJzmTmn9wPWRUo=", "email": "trainer1@gmail.com", "full_name": "Trainer 1", "gender": "Male", "phone_number": "+919311111111", "role": "Teacher", "is_active": true, "is_staff": false, "is_superuser": false, "date_joined": "2025-10-13T00:00:00Z", "last_login": "2025-10-13T05:09:21.546Z", "groups": [], "user_permissions": []}}, {"model": "users.user", "pk": 13, "fields": {"password": "pbkdf2_sha256$1000000$pmGk7XSAZvamgFK1mxNygL$wu3ExxyZ7FDxPiT+6vCqw23VcIT9SjJzmTmn9wPWRUo=", "email": "trainer2@gmail.com", "full_name": "Trainer 2", "gender": "Male", "phone_number": "+919322222222", "role": "Teacher", "is_active": true, "is_staff": false, "is_superuser": false, "date_joined": "2025-10-13T00:00:00Z", "last_login": "2025-10-13T05:09:21.546Z", "groups": [], "user_permissions": []}}, {"model": "users.user", "pk": 14, "fields": {"password": "pbkdf2_sha256$1000000$pmGk7XSAZvamgFK1mxNygL$wu3ExxyZ7FDxPiT+6vCqw23VcIT9SjJzmTmn9wPWRUo=", "email": "cdc_trainer1@gmail.com", "full_name": "CDC_Trainer1", "gender": "Male", "phone_number": "+919333333333", "role": "Teacher", "is_active": true, "is_staff": false, "is_superuser": false, "date_joined": "2025-10-13T00:00:00Z", "last_login": "2025-10-13T05:09:21.546Z", "groups": [], "user_permissions": []}}, {"model": "users.user", "pk": 15, "fields": {"password": "pbkdf2_sha256$1000000$pmGk7XSAZvamgFK1mxNygL$wu3ExxyZ7FDxPiT+6vCqw23VcIT9SjJzmTmn9wPWRUo=", "email": "meera.desai@gmail.com", "full_name": "Meera Desai", "gender": "Female", "phone_number": "+919315151515", "role": "Teacher", "is_active": true, "is_staff": false, "is_superuser": false, "date_joined": "2025-10-14T00:00:00Z", "last_login": "2025-10-14T00:00:00Z", "groups": [], "user_permissions": []}}, {"model": "users.user", "pk": 16, "fields": {"password": "pbkdf2_sha256$1000000$pmGk7XSAZvamgFK1mxNygL$wu3ExxyZ7FDxPiT+6vCqw23VcIT9SjJzmTmn9wPWRUo=", "email": "rohan.sharma@gmail.com", "full_name": "Rohan Sharma", "gender": "Male", "phone_number": "+919316161616", "role": "Teacher", "is_active": true, "is_staff": false, "is_superuser": false, "date_joined": "2025-10-14T00:00:00Z", "last_login": "2025-10-14T00:00:00Z", "groups": [], "user_permissions": []}}, {"model": "users.user", "pk": 17, "fields": {"password": "pbkdf2_sha256$1000000$pmGk7XSAZvamgFK1mxNygL$wu3ExxyZ7FDxPiT+6vCqw23VcIT9SjJzmTmn9wPWRUo=", "email": "trainer3@gmail.com", "full_name": "Trainer 3", "gender": "Female", "phone_number": "+919317171717", "role": "Teacher", "is_active": true, "is_staff": false, "is_superuser": false, "date_joined": "2025-10-14T00:00:00Z", "last_login": "2025-10-14T00:00:00Z", "groups": [], "user_permissions": []}}, {"model": "users.user", "pk": 18, "fields": {"password": "pbkdf2_sha256$1000000$pmGk7XSAZvamgFK1mxNygL$wu3ExxyZ7FDxPiT+6vCqw23VcIT9SjJzmTmn9wPWRUo=", "email": "priya.singh@gmail.com", "full_name": "Priya Singh", "gender": "Female", "phone_number": "+919318181818", "role": "Teacher", "is_active": true, "is_staff": false, "is_superuser": false, "date_joined": "2025-10-14T00:00:00Z", "last_login": "2025-10-14T00:00:00Z", "groups": [], "user_permissions": []}}, {"model": "users.user", "pk": 19, "fields": {"password": "pbkdf2_sha256$1000000$pmGk7XSAZvamgFK1mxNygL$wu3ExxyZ7FDxPiT+6vCqw23VcIT9SjJzmTmn9wPWRUo=", "email": "amit.patel@gmail.com", "full_name": "Amit Patel", "gender": "Male", "phone_number": "+919319191919", "role": "Teacher", "is_active": true, "is_staff": false, "is_superuser": false, "date_joined": "2025-10-14T00:00:00Z", "last_login": "2025-10-14T00:00:00Z", "groups": [], "user_permissions": []}}, {"model": "users.user", "pk": 20, "fields": {"password": "pbkdf2_sha256$1000000$pmGk7XSAZvamgFK1mxNygL$wu3ExxyZ7FDxPiT+6vCqw23VcIT9SjJzmTmn9wPWRUo=", "email": "trainer4@gmail.com", "full_name": "Trainer 4", "gender": "Male", "phone_number": "+919317171715", "role": "Teacher", "is_active": true, "is_staff": false, "is_superuser": false, "date_joined": "2025-10-15T16:43:30.519Z", "last_login": "2025-10-15T16:43:30.519Z", "groups": [], "user_permissions": []}}]